"correct","playedInterval","answeredInterval","firstNote","expectedNote","inputNote","time"
"0","1","2","Bb5","A5","C6","7.798171997070313"
"0","2","1","Eb4","Db4","E4","4.357032775878906"
"0","2","2","F3","Eb3","G3","12.06216049194336"
"1","2","2","G5","A5","A5","1.75614595413208"
"0","1","1","Gb3","F3","G3","4.740743637084961"
"0","1","2","G4","Ab4","A4","1.954710006713867"
"0","1","2","B4","Bb4","Db5","7.346216201782227"
"0","1","2","A5","Ab5","B5","7.140041351318359"
"0","2","1","Gb4","E4","G4","28.4599494934082"
"0","2","-1","Gb4","E4","0","30"
"0","1","1","B2","Bb2","C3","5.931167602539063"
"1","1","1","Ab3","A3","A3","5.18536376953125"
"0","1","2","A5","Ab5","B5","2.352462768554688"
"0","1","1","C3","Db3","B2","8.79681396484375"
"0","2","3","Ab5","Gb5","B5","13.15878295898438"
"0","1","2","G5","Ab5","A5","9.757217407226564"
"1","1","1","Db4","D4","D4","1.209381103515625"
"0","2","1","Db4","B3","D4","5.582870483398438"
"0","1","-1","Bb5","A5","Bb5","10.11470031738281"
"0","1","2","Gb4","G4","Ab4","29.26016235351562"
"0","1","-1","Gb4","G4","0","30"
"0","1","2","C3","B2","D3","5.543487548828125"
"0","1","2","G3","Ab3","A3","11.03718566894531"
"0","1","2","A5","Bb5","B5","1.6732177734375"
"0","1","1","Eb5","D5","E5","6.295333862304688"
"0","8","10","C6","E5","D5","20.88132476806641"
"1","7","7","Gb3","B2","B2","6.522518157958984"
"0","10","11","Eb5","F4","E4","24.57632064819336"
"0","7","6","Bb3","F4","E4","3.081634521484375"
"1","9","9","A5","C5","C5","8.879341125488281"
"0","10","9","D3","C4","B3","8.283432006835938"
"1","3","3","E3","G3","G3","5.119705200195312"
"1","5","5","D3","G3","G3","8.150871276855469"
"1","1","1","Eb4","D4","D4","8.978733062744141"
"0","5","11","Db5","Gb5","D4","0.3481903076171875"
"1","3","3","D5","F5","F5","2.253585815429688"
"1","2","2","B2","A2","A2","8.011276245117188"
"1","1","1","Gb5","F5","F5","3.186668395996094"
"1","5","5","C6","G5","G5","4.4619140625"
"1","1","1","Ab3","G3","G3","2.982002258300782"
"0","7","5","G5","C5","D5","3.713752746582031"
"1","6","6","Ab3","D4","D4","11.02285003662109"
"1","3","3","F5","D5","D5","4.522804260253906"
"1","1","1","Ab3","G3","G3","3.061592102050782"
"0","5","7","E5","A5","B5","11.890625"
"1","2","2","F3","Eb3","Eb3","6.18115234375"
"0","1","2","A4","Bb4","B4","3.330184936523438"
"0","2","-1","A3","B3","A3","7.60540771484375"
"0","5","6","E4","B3","Bb3","13.51377868652344"
"1","2","2","D4","C4","C4","6.146209716796875"
"0","4","3","Bb5","Gb5","G5","5.533157348632812"
"1","6","6","D5","Ab5","Ab5","3.262847900390625"
"0","4","3","A3","Db4","C4","2.5015869140625"
"1","1","1","G3","Gb3","Gb3","15.06039428710938"
"1","7","7","D4","G3","G3","15.53297424316406"
"1","6","6","Ab5","D5","D5","8.101593017578125"
"1","1","1","F5","Gb5","Gb5","4.058135986328125"
"1","5","5","C3","F3","F3","2.209197998046875"
"1","2","2","A3","G3","G3","4.787750244140625"
"1","3","3","Ab3","F3","F3","2.982666015625"
"1","3","3","A5","Gb5","Gb5","6.809600830078125"
"1","3","3","E4","G4","G4","3.535980224609375"
"1","1","1","B5","C6","C6","2.186798095703125"
"0","4","3","Ab5","C6","B5","2.6009521484375"
"0","8","7","Bb3","Gb4","F4","14.7905445098877"
"1","1","1","Db4","D4","D4","4.534749984741211"
"0","9","4","G5","Bb4","B5","3.495193481445313"
"1","6","6","A3","Eb4","Eb4","11.59223556518555"
"1","8","8","C5","E4","E4","7.437973022460938"
"1","7","7","B4","E4","E4","2.584442138671875"
"1","2","2","E5","D5","D5","6.205802917480469"
"1","6","6","C6","Gb5","Gb5","11.62091064453125"
"1","3","3","B3","Ab3","Ab3","3.869094848632813"
"1","7","7","Bb3","F4","F4","7.0245361328125"
"1","3","3","G5","E5","E5","4.274238586425781"
"1","2","2","Db4","Eb4","Eb4","1.954872131347656"
"1","6","6","C3","Gb3","Gb3","2.203369140625"
"1","5","5","Bb2","Eb3","Eb3","7.702407836914062"
"0","9","3","Db5","E4","Bb4","20.587158203125"
"1","7","7","C5","F4","F4","5.069549560546875"
"0","9","3","B5","D5","Ab5","16.03497314453125"
"1","1","1","G5","Gb5","Gb5","13.91563415527344"
"1","8","8","Db3","A3","A3","8.5191650390625"
"1","7","7","B4","E4","E4","17.61012268066406"
"1","2","2","Ab5","Bb5","Bb5","2.253799438476563"
"1","2","2","A2","B2","B2","2.51812744140625"
"1","7","7","F3","Bb2","Bb2","4.01611328125"
"1","5","5","Gb4","Db4","Db4","11.13309860229492"
"0","9","6","Eb3","C4","A3","27.58778762817383"
"0","9","7","Eb3","C4","0","30"
"1","3","3","G4","E4","E4","10.75914764404297"
"0","7","8","B3","Gb4","G4","8.55621337890625"
"1","3","3","Eb4","C4","C4","6.502120971679688"
"1","9","9","C5","A5","A5","17.94163513183594"
"1","3","3","Ab3","F3","F3","5.848175048828125"
"1","3","3","Eb5","C5","C5","4.340469360351563"
"1","4","4","Db3","A2","A2","19.61048889160156"
"1","9","9","D3","B3","B3","14.20832824707031"
"1","3","3","B3","Ab3","Ab3","4.746200561523438"
"1","11","11","C4","Db3","Db3","13.80851745605469"
"1","11","11","C4","Db3","Db3","8.6068115234375"
"0","6","6","A4","Eb5","Eb4","25.9053955078125"
"0","2","1","C6","Bb5","B5","12.36604309082031"
"1","5","5","B4","Gb4","Gb4","21.20578002929688"
"1","3","3","Eb4","Gb4","Gb4","5.782806396484375"
"1","2","2","G3","A3","A3","4.20794677734375"
"0","1","-1","E3","F3","E3","3.231231689453125"
"1","3","3","Eb4","C4","C4","5.397003173828125"
"1","3","3","B4","Ab4","Ab4","6.24603271484375"
"1","2","2","A2","B2","B2","3.95916748046875"
"0","6","7","Bb4","E4","Eb4","14.6046142578125"
"1","3","3","Ab5","F5","F5","4.02569580078125"
"1","2","2","C3","D3","D3","3.54833984375"
"1","6","6","Bb3","E3","E3","6.69354248046875"
"0","8","-1","Eb5","B5","0","30"
"0","7","4","C6","F5","Ab5","23.74118041992188"
"1","2","2","Db4","Eb4","Eb4","4.688079833984375"
"1","8","8","Eb3","B3","B3","25.66326904296875"
"1","8","8","Db4","A4","A4","27.99078369140625"
"0","8","-1","Db4","A4","0","30"
"1","3","3","E3","Db3","Db3","4.54266357421875"
"1","1","1","C4","Db4","Db4","2.33648681640625"
"1","11","11","C5","Db4","Db4","25.07611083984375"
"0","6","4","Ab4","D4","E4","15.66375541687012"
"1","8","8","G3","B2","B2","14.42879486083984"
"0","11","6","C4","B4","Gb4","2.518123626708984"
"0","7","5","F3","Bb2","C3","6.389095306396484"
"0","7","5","Ab5","Db5","Eb5","22.74266815185547"
"1","11","11","Gb3","F4","F4","8.864334106445312"
"1","5","5","C3","F3","F3","3.049263000488282"
"0","8","9","Bb2","Gb3","G3","17.72754669189453"
"1","7","7","G4","D5","D5","7.521141052246094"
"1","5","5","F3","C3","C3","3.573532104492188"
"0","6","5","G5","Db5","D5","17.2274169921875"
"0","10","7","D4","E3","G3","24.597412109375"
"1","1","1","E3","Eb3","Eb3","3.346435546875"
"1","6","6","Ab5","D5","D5","22.62054443359375"
"1","10","10","Gb4","E5","E5","8.614593505859375"
"0","3","2","Db5","Bb4","B4","15.15168762207031"
"0","2","4","B4","A4","G4","6.72747802734375"
"1","11","11","D5","Eb4","Eb4","15.0728759765625"
"1","11","11","F4","E5","E5","14.68621826171875"
"1","4","4","C3","E3","E3","3.81048583984375"
"1","7","7","Bb5","Eb5","Eb5","12.74246215820312"
"0","7","6","E3","B3","Bb3","14.19485473632812"
"0","5","6","E4","B3","Bb3","8.7489013671875"
"0","4","3","Db5","F5","E5","4.964019775390625"
"0","5","6","B3","Gb3","F3","5.317840576171875"
"0","5","5","Db5","Gb5","Ab4","10.49234008789062"
"1","2","2","Gb5","E5","E5","17.10955810546875"
"0","10","-1","Bb2","Ab3","C4","6.46099853515625"
"1","9","9","F4","D5","D5","13.9959716796875"
"0","6","4","Eb4","A3","B3","14.66799926757812"
"0","8","7","Bb3","Gb4","F4","28.1795654296875"
"0","8","-1","Bb3","Gb4","0","30"
"0","5","6","B5","Gb5","F5","6.145782470703125"
"1","8","8","Ab4","C4","C4","8.117645263671875"
"0","3","2","C6","A5","Bb5","11.4007568359375"
"0","7","5","A4","D4","E4","5.384033203125"
"0","4","3","D5","Gb5","F5","16.61029052734375"
"0","10","-1","Db4","Eb3","Db3","20.04555320739746"
"0","11","3","Eb3","D4","Gb3","29.85853576660156"
"0","11","7","Eb3","D4","0","30"
"0","1","10","D4","Eb4","C5","3.0657958984375"
"0","10","2","G5","A4","F5","3.649169921875"
"1","1","1","D3","Db3","Db3","4.734237670898438"
"0","7","6","B4","Gb5","F5","15.51628112792969"
"1","5","5","G3","D3","D3","22.66517639160156"
"0","8","6","B4","Eb4","F4","6.1490478515625"
"1","3","3","Gb4","A4","A4","6.4490966796875"
"1","4","4","D5","Gb5","Gb5","3.01458740234375"
"1","2","2","Ab5","Bb5","Bb5","4.9671630859375"
"1","2","2","A2","B2","B2","2.218292236328125"
"0","10","7","Ab4","Bb3","Db4","13.68316650390625"
"0","9","11","C6","Eb5","Db5","12.06619262695312"
"0","6","6","C5","Gb4","Gb5","13.90020751953125"
"0","5","7","Ab5","Eb5","Db5","24.90139770507813"
"1","4","4","F5","Db5","Db5","13.13388061523438"
"1","11","11","Db3","C4","C4","4.13336181640625"
"1","3","3","Gb3","A3","A3","8.49920654296875"
"0","1","2","C4","B3","Bb3","15.78347778320312"
"0","5","7","C4","F4","G4","3.565826416015625"
"1","11","11","D3","Db4","Db4","4.900299072265625"
"0","8","9","E4","Ab3","G3","15.34963989257812"
"1","2","2","G4","F4","F4","6.800262451171875"
"1","1","1","C5","Db5","Db5","4.434478759765625"
"1","2","2","D4","C4","C4","4.55072021484375"
"1","8","8","Db4","F3","F3","21.54983520507813"
"1","1","1","Ab3","G3","G3","5.58258056640625"
"0","11","10","F5","Gb4","G4","9.69989013671875"
"0","5","7","F3","Bb3","C4","13.23272705078125"
"0","10","11","Eb5","F4","E4","17.18243408203125"
"1","5","5","G5","D5","D5","12.14947509765625"
"0","10","8","A5","B4","Db5","15.1158447265625"
"1","7","7","G3","D4","D4","19.099365234375"
"0","4","3","Ab5","E5","F5","8.431396484375"
"1","10","10","F3","Eb4","Eb4","9.70147705078125"
"0","8","10","Gb5","Bb4","Ab4","11.6497802734375"
"1","1","1","Eb4","E4","E4","6.6839599609375"
"1","2","2","Gb5","E5","E5","6.33465576171875"
"1","11","11","A4","Ab5","Ab5","4.03387451171875"
"0","5","7","Bb4","Eb5","F5","11.33416748046875"
"1","2","2","E4","D4","D4","5.3330078125"
"0","5","6","F5","C5","B4","8.39971923828125"
"1","5","5","Db3","Gb3","Gb3","13.69842529296875"
"1","1","1","B4","Bb4","Bb4","7.86627197265625"
"0","10","8","Bb3","C3","D3","19.7501220703125"
"0","10","-1","C6","D5","D4","25.7337646484375"
"0","8","2","Bb2","Gb3","0","30"
"0","9","8","D5","B5","Bb5","9.00103759765625"
"0","5","4","Gb5","B5","Bb5","11.7498779296875"
"1","4","4","A4","Db5","Db5","7.3824462890625"
"0","10","11","Eb5","F4","E4","10.95001220703125"
"0","8","-1","G4","B3","G4","7.10064697265625"
"0","3","6","F5","D5","B5","8.28448486328125"
"0","9","-1","B4","D4","0","30"
"0","5","-1","B2","E3","A4","1.55194091796875"
"0","9","10","G3","E4","F4","16.88287353515625"
"1","6","6","Db3","G3","G3","5.4320068359375"
"1","2","2","B4","Db5","Db5","5.20001220703125"
"1","6","6","Db3","G3","G3","5.89990234375"
"1","9","9","Db4","Bb4","Bb4","8.01580810546875"
"1","5","5","Bb4","Eb5","Eb5","8.18304443359375"
"0","8","9","D3","Bb3","B3","16.4156494140625"
"0","10","8","B2","A3","G3","18.81591796875"
"0","9","-1","C5","A5","A3","21.382080078125"
"0","10","9","G4","A3","Bb3","25.6820068359375"
"1","3","3","A4","Gb4","Gb4","9.2174072265625"
"0","6","8","Bb2","E3","Gb3","17.7320556640625"
"0","5","-1","Gb5","Db5","Gb5","5.9324951171875"
"1","2","2","F3","G3","G3","3.316650390625"
"0","2","5","Bb4","Ab4","F4","6.067138671875"
"0","9","-1","E5","G4","Eb4","2.7327880859375"
"0","5","-1","B5","Gb5","B5","6.915771484375"
"1","5","5","Ab4","Db5","Db5","5.56640625"
"0","8","10","Db5","F4","Eb4","19.215576171875"
"0","8","9","Eb5","G4","C6","22.2655029296875"
"0","5","7","Db5","Gb5","Ab5","22.717041015625"
"0","3","-1","B5","Ab5","G3","23.75"
"1","2","2","C3","D3","D3","3.26611328125"
"0","11","-1","B4","C4","B4","1.7684326171875"
"1","11","11","E4","Eb5","Eb5","2.766357421875"
"1","7","7","Db4","Gb3","Gb3","10.7333984375"
"1","9","9","C4","A4","A4","6.148681640625"
"1","9","9","C5","A5","A5","1.734619140625"
"1","7","7","Gb4","Db5","Db5","7.9337158203125"
"0","3","2","Eb5","C5","Db5","2.399658203125"
"0","4","7","E4","Ab4","B4","5.1646728515625"
"0","10","6","G4","A3","Db5","10.6331787109375"
"1","8","8","A3","Db3","Db3","6.7174072265625"
"1","5","5","Ab4","Db5","Db5","8.6165771484375"
"0","1","2","Ab5","A5","Bb5","4.31640625"
"0","1","2","G4","Gb4","F4","3.4326171875"
"1","5","5","D5","A4","A4","22.4339599609375"
"0","10","11","F5","G4","Gb4","16.1668701171875"
"1","4","4","C5","E5","E5","3.099727630615234"
"1","1","1","A3","Ab3","Ab3","1.715129852294922"
"1","7","7","Db4","Ab4","Ab4","2.533641815185547"
"0","2","2","Db4","B3","Eb4","2.633247375488282"
"1","8","8","Ab5","C5","C5","1.865745544433594"
"1","2","2","A4","B4","B4","1.76580810546875"
"1","4","4","Db3","F3","F3","1.717048645019531"
"1","2","2","A5","G5","G5","13.03209686279297"
"0","10","4","Eb4","F3","B3","20.1145248413086"
"1","6","6","G3","Db4","Db4","4.518043518066406"
"1","5","5","Gb3","B3","B3","1.96856689453125"
"0","10","7","Gb5","Ab4","B4","21.099853515625"
"0","11","7","A2","Ab3","E3","16.19938659667969"
"1","5","5","A5","E5","E5","16.25003051757812"
"0","10","8","Ab3","Bb2","C3","10.51567077636719"
"1","5","5","G5","C6","C6","25.19970703125"
"1","1","1","G4","Gb4","Gb4","1.266281127929688"
"0","10","5","G3","F4","C4","3.434249877929688"
"0","3","2","Gb3","Eb3","E3","5.26593017578125"
"1","5","5","Db3","Gb3","Gb3","2.467071533203125"
"1","8","8","Bb5","D5","D5","4.300750732421875"
"0","6","8","E5","Bb5","C6","5.048828125"
"1","3","3","D5","F5","F5","6.849700927734375"
"1","9","9","F4","D5","D5","26.78292846679688"
"0","7","-1","A3","D3","0","30"
"1","9","9","B3","Ab4","Ab4","10.14968872070312"
"1","1","1","Ab3","A3","A3","1.18243408203125"
"1","3","3","C3","A2","A2","2.1661376953125"
"1","11","11","Eb4","D5","D5","3.282379150390625"
"0","10","6","Ab3","Bb2","D3","28.5831298828125"
"0","10","-1","Ab3","Bb2","0","30"
"0","4","3","Ab4","C5","B4","1.716796875"
"0","5","4","Bb2","Eb3","D3","2.383453369140625"
"1","11","11","B4","C4","C4","12.2342529296875"
"1","6","6","F5","B5","B5","3.95135498046875"
"0","9","8","A2","Gb3","F3","6.799591064453125"
"1","8","8","C5","Ab5","Ab5","2.2174072265625"
"0","3","4","A3","Gb3","F3","2.033294677734375"
"0","5","7","A3","D4","E4","3.4000244140625"
"1","4","4","Ab3","E3","E3","3.96783447265625"
"1","11","11","E5","F4","F4","6.66595458984375"
"1","2","2","F3","G3","G3","1.833038330078125"
"0","7","8","F4","C5","Db5","4.783233642578125"
"0","11","9","G5","Ab4","Bb4","5.58349609375"
"1","7","7","G5","C5","C5","15.34893798828125"
"0","7","4","Eb3","Bb3","G3","4.59844970703125"
"0","3","-1","Bb4","G4","0","30"
"1","5","5","Bb4","F4","F4","7.928436279296875"
"1","7","7","D4","A4","A4","10.676513671875"
"0","11","10","Db3","C4","B3","18.66780090332031"
"0","5","4","G3","D3","Eb3","12.50885009765625"
"0","9","7","A4","Gb5","E5","17.00297546386719"
"0","6","4","G5","Db5","Eb5","14.65443420410156"
"0","6","7","A3","Eb3","D3","13.78994750976562"
"1","8","8","F3","Db4","Db4","6.92889404296875"
"1","9","9","D5","F4","F4","26.59725952148438"
"0","10","11","Bb4","Ab5","A5","14.27499389648438"
"1","2","2","F3","G3","G3","3.082305908203125"
"0","5","4","Ab4","Db5","C5","3.664581298828125"
"1","8","8","Ab3","C3","C3","3.265106201171875"
"0","7","8","B5","E5","Eb5","12.17666625976562"
"1","1","1","D4","Eb4","Eb4","2.199859619140625"
"0","9","7","C4","Eb3","F3","27.94223022460938"
"0","9","-1","C4","Eb3","0","30"
"1","10","10","A2","G3","G3","16.36709594726562"
"0","7","6","A5","D5","Eb5","6.551986694335938"
"0","6","7","G5","Db5","C5","12.49018859863281"
"0","8","7","G5","B4","C5","8.043975830078125"
"1","3","3","C6","A5","A5","7.2584228515625"
"1","4","4","C3","E3","E3","1.664459228515625"
"1","5","5","B3","Gb3","Gb3","19.78208923339844"
"0","6","5","Ab3","D3","Eb3","4.6116943359375"
"1","2","2","E3","Gb3","Gb3","2.147994995117188"
"1","3","3","E3","G3","G3","2.480453491210938"
"0","10","8","A4","G5","F5","7.309310913085938"
"0","2","1","Bb3","Ab3","B3","2.8299560546875"
"0","11","6","G5","Ab4","Db5","7.594345092773438"
"1","11","11","Db4","D3","D3","10.85734558105469"
"0","3","2","A3","C4","B3","9.757354736328123"
"0","6","5","Eb5","A5","Ab5","6.277435302734375"
"1","7","7","Db3","Ab3","Ab3","3.76300048828125"
"1","6","6","D5","Ab5","Ab5","4.7196044921875"
"0","3","2","B4","D5","Db5","2.869171142578125"
"1","3","3","A3","C4","C4","2.91351318359375"
"0","5","4","G4","D4","Eb4","16.270751953125"
"0","10","11","G4","A3","Ab3","14.91561889648438"
"1","9","9","G3","E4","E4","7.919647216796875"
"0","6","3","Bb3","E3","G3","15.75247192382812"
"1","4","4","G4","B4","B4","2.863677978515625"
"1","7","7","Gb5","B4","B4","8.075531005859375"
"0","3","2","F5","D5","Eb5","4.446044921875"
"0","9","10","Db3","Bb3","B3","8.194427490234375"
"1","4","4","D4","Gb4","Gb4","2.23193359375"
"1","9","9","C3","A3","A3","15.45404052734375"
"0","4","3","F4","Db4","D4","3.961944580078125"
"0","6","5","Eb5","A5","Ab5","7.825927734375"
"0","9","8","Bb2","G3","Gb3","11.64077758789062"
"1","5","5","Gb5","Db5","Db5","5.351104736328125"
"1","4","4","Eb5","B4","B4","3.783416748046875"
"1","9","9","Ab4","B3","B3","9.80755615234375"
"1","5","5","C5","F5","F5","1.76593017578125"
"1","7","7","B5","E5","E5","11.70697021484375"
"1","3","3","G4","Bb4","Bb4","2.5645751953125"
"0","6","7","B5","F5","E5","12.44061279296875"
"0","8","4","Db5","F4","A4","10.7178955078125"
"0","11","-1","A2","Ab3","Bb3","11.109130859375"
"0","8","7","Eb3","B3","Bb3","14.5382080078125"
"1","2","2","Bb5","Ab5","Ab5","6.07867431640625"
"0","9","8","E3","Db4","C4","10.40283203125"
"1","4","4","E4","C4","C4","6.54730224609375"
"1","1","1","F3","E3","E3","1.68182373046875"
"1","5","5","Eb4","Ab4","Ab4","16.98486328125"
"1","3","3","D5","B4","B4","4.89495849609375"
"0","6","5","A5","Eb5","E5","19.86114501953125"
"1","6","6","F4","B4","B4","6.87860107421875"
"1","5","5","C4","F4","F4","2.64605712890625"
"0","5","4","B3","E4","Eb4","5.42962646484375"
"1","8","8","D4","Gb3","Gb3","7.3612060546875"
"1","8","8","D5","Gb4","Gb4","4.31402587890625"
"1","7","7","G4","D5","D5","3.7125244140625"
"1","4","4","B5","G5","G5","7.930419921875"
"0","8","7","E4","Ab3","A3","29.0181884765625"
"0","8","-1","E4","Ab3","0","30"
"0","9","8","E3","Db4","0","30"
"0","9","7","G5","Bb4","C5","14.94696044921875"
"1","2","2","Bb2","C3","C3","28.39306640625"
"0","2","2","Bb2","C3","0","30"
"1","1","1","F4","E4","E4","2.45281982421875"
"1","9","9","A2","Gb3","Gb3","21.839599609375"
"1","4","4","E5","C5","C5","3.69598388671875"
"1","5","5","E5","A5","A5","12.17523193359375"
"1","11","11","G5","Ab4","Ab4","16.082763671875"
"1","11","11","C4","B4","B4","2.4986572265625"
"1","7","7","C5","F4","F4","12.96051025390625"
"0","2","4","C5","D5","E5","7.1279296875"
"1","6","6","Eb5","A5","A5","3.3814697265625"
"1","9","9","Ab3","F4","F4","24.727783203125"
"0","11","10","Eb3","D4","Db4","8.16485595703125"
"0","9","6","Bb2","G3","E3","4.01422119140625"
"0","8","7","Bb4","Gb5","F5","20.9981689453125"
"0","10","11","C5","Bb5","B5","5.38037109375"
"1","4","4","Eb3","B2","B2","6.496337890625"
"1","6","6","E3","Bb3","Bb3","11.9639892578125"
"1","4","4","C6","Ab5","Ab5","7.045166015625"
"1","8","8","B5","Eb5","Eb5","10.37548828125"
"1","2","2","Bb3","C4","C4","4.0538330078125"
"0","2","4","Ab5","Gb5","E5","9.9072265625"
"0","11","-1","A2","Ab3","Bb3","7.3109130859375"
"1","4","4","D5","Gb5","Gb5","2.96435546875"
"1","11","11","Bb2","A3","A3","6.3121337890625"
"1","11","11","G3","Gb4","Gb4","11.5166015625"
"1","4","4","Ab5","C6","C6","1.2330322265625"
"1","3","3","C5","Eb5","Eb5","2.900634765625"
"1","7","7","E3","A2","A2","4.0819091796875"
"1","8","8","Bb4","D4","D4","4.5306396484375"
"1","2","2","Ab4","Gb4","Gb4","2.1484375"
"1","9","9","A3","C3","C3","10.7735595703125"
"1","1","1","B3","Bb3","Bb3","2.0501708984375"
"1","2","2","C4","D4","D4","2.092041015625"
"1","4","4","Bb4","Gb4","Gb4","4.1043701171875"
"1","4","4","Gb4","Bb4","Bb4","1.8251953125"
"1","5","5","D5","A4","A4","5.7113037109375"
"1","11","11","E4","F3","F3","5.1956787109375"
"0","11","10","Bb5","B4","C5","5.1961669921875"
"1","1","1","Bb4","B4","B4","1.6475830078125"
"1","4","4","E4","Ab4","Ab4","2.8740234375"
"0","9","8","F5","Ab4","A4","17.9468994140625"
"0","10","4","E4","Gb3","C4","13.0386962890625"
"1","5","5","Gb3","B3","B3","2.5806884765625"
"1","10","10","Ab5","Bb4","Bb4","4.520751953125"
"1","6","6","Gb3","C3","C3","27.2445068359375"
"0","5","-1","D4","G4","0","30"
"0","1","2","A2","Bb2","B2","10.458984375"
"0","6","8","C6","Gb5","E5","2.443603515625"
"1","5","5","E3","A3","A3","3.6197509765625"
"1","10","10","D4","C5","C5","15.8919677734375"
"1","8","8","G3","Eb4","Eb4","7.1602783203125"
"0","8","7","F3","A2","Bb2","10.209228515625"
"0","11","6","Bb3","B2","E3","13.9044189453125"
"1","11","11","B4","Bb5","Bb5","2.488037109375"
"0","9","11","Db4","Bb4","D3","5.7945556640625"
"1","3","3","G4","Bb4","Bb4","5.129150390625"
"0","8","11","Bb2","Gb3","A3","17.818115234375"
"0","6","2","D3","Ab3","E3","2.6005859375"
"1","8","8","Eb3","B3","B3","14.2890625"
"1","2","2","Ab3","Gb3","Gb3","2.8563232421875"
"1","11","11","B5","C5","C5","3.75146484375"
"1","6","6","E5","Bb5","Bb5","8.2215576171875"
"1","5","5","D3","G3","G3","3.0618896484375"
"1","9","9","Db4","Bb4","Bb4","5.9288330078125"
"1","5","5","F3","Bb3","Bb3","2.2471923828125"
"1","11","11","F5","Gb4","Gb4","6.0579833984375"
"0","6","10","Bb3","E3","C3","18.255615234375"
"1","7","7","C3","G3","G3","2.5474853515625"
"0","6","11","A4","Eb4","Bb3","18.7996826171875"
"1","8","8","B4","G5","G5","4.5789794921875"
"1","2","2","Gb5","E5","E5","2.447265625"
"1","6","6","G3","Db4","Db4","6.8106689453125"
"1","6","6","C6","Gb5","Gb5","15.5216064453125"
"0","1","8","C5","B4","Ab5","3.34908676147461"
"0","4","-1","G3","Eb3","B4","6.549827575683594"
"0","4","3","C6","Ab5","A5","6.967185974121094"
"0","10","11","A2","G3","Ab3","15.28330230712891"
"1","6","6","Ab5","D5","D5","4.716064453125"
"1","7","7","Gb3","Db4","Db4","6.632781982421875"
"0","1","2","E3","Eb3","D3","5.149887084960938"
"0","11","-1","Bb2","A3","A4","8.8660888671875"
"1","2","2","B2","Db3","Db3","3.116104125976563"
"1","7","7","Eb3","Bb3","Bb3","4.665374755859375"
"1","11","11","G4","Ab3","Ab3","7.98333740234375"
"1","10","10","Eb5","F4","F4","22.93254089355469"
"1","5","5","Eb4","Ab4","Ab4","7.082763671875"
"1","4","4","G4","B4","B4","5.800552368164063"
"1","2","2","Ab4","Gb4","Gb4","3.117431640625"
"0","8","11","G5","B4","Ab4","9.282928466796877"
"1","10","10","Gb3","E4","E4","13.48249816894531"
"1","8","8","B3","Eb3","Eb3","22.84945678710938"
"0","7","6","F4","C5","B3","9.333343505859377"
"1","9","9","Ab5","B4","B4","11.19967651367188"
"0","8","9","Ab4","C4","B3","3.449920654296875"
"1","11","11","E3","Eb4","Eb4","2.516754150390625"
"1","1","1","Eb4","E4","E4","0.96697998046875"
"1","5","5","E3","A3","A3","9.599945068359377"
"1","1","1","E3","Eb3","Eb3","3.0159912109375"
"1","1","1","Bb3","A3","A3","7.0157470703125"
"1","2","2","Db3","Eb3","Eb3","2.49969482421875"
"0","5","7","Ab4","Db5","Eb5","8.282806396484375"
"1","11","11","A5","Bb4","Bb4","13.31597900390625"
"1","7","7","B4","E4","E4","9.915679931640623"
"0","11","8","F5","Gb4","A4","22.76629638671875"
"1","4","4","F3","A3","A3","5.4832763671875"
"0","7","8","C4","G4","Ab4","5.066802978515625"
"1","2","2","F5","G5","G5","3.232818603515625"
"1","1","1","F4","E4","E4","2.432373046875"
"1","4","4","A4","Db5","Db5","2.44970703125"
"1","9","9","Eb3","C4","C4","8.032745361328125"
"0","5","8","Gb5","Db5","Bb4","13.38265991210938"
"1","11","11","A3","Bb2","Bb2","7.88336181640625"
"1","6","6","C3","Gb3","Gb3","2.383514404296875"
"1","11","11","E5","F4","F4","5.28277587890625"
"0","4","2","B2","Eb3","Db3","3.2491455078125"
"0","4","1","B5","G5","Bb5","7.6160888671875"
"0","3","-1","A3","Gb3","E5","0.20013427734375"
"0","9","1","Bb4","G5","A4","10.4656982421875"
"0","9","-1","Ab5","B4","Gb4","9.76556396484375"
"0","11","6","F5","Gb4","B4","4.48309326171875"
"0","5","6","F4","Bb4","B4","6.3499755859375"
"0","5","7","A3","E3","D3","20.05035400390625"
"1","2","2","D3","E3","E3","2.4332275390625"
"1","3","3","C3","A2","A2","4.99957275390625"
"1","4","4","A2","Db3","Db3","2.08367919921875"
"1","11","11","C3","B3","B3","9.61651611328125"
"0","3","2","C4","A3","Bb3","4.6170654296875"
"1","4","4","B2","Eb3","Eb3","6.25079345703125"
"1","5","5","E4","A4","A4","15.33331298828125"
"0","8","9","Ab4","C4","B3","10.749755859375"
"0","11","9","D5","Eb4","F4","17.5496826171875"
"0","7","11","Ab5","Db5","A4","20.36602783203125"
"1","5","5","B2","E3","E3","11.9169921875"
"1","4","4","Eb4","B3","B3","5.71630859375"
"1","4","4","C5","E5","E5","4.44927978515625"
"0","9","11","Db5","E4","D4","5.366455078125"
"0","5","-1","Gb4","B4","0","30"
"0","5","6","B5","Gb5","F5","12.8160400390625"
"1","7","7","Ab4","Eb5","Eb5","5.64990234375"
"0","2","-1","Gb3","Ab3","C5","8.59906005859375"
"0","3","2","Gb5","Eb5","E5","4.16595458984375"
"1","5","5","Gb4","Db4","Db4","12.85015869140625"
"1","6","6","Ab5","D5","D5","3.04931640625"
"1","7","7","G3","D4","D4","6.716064453125"
"1","5","5","C4","G3","G3","9.266357421875"
"0","8","10","Eb5","G4","F4","7.016357421875"
"1","5","5","E3","A3","A3","14.46722412109375"
"1","9","9","C3","A3","A3","1.53302001953125"
"1","9","9","C4","A4","A4","1.11663818359375"
"0","6","10","A2","Eb3","G3","11.715576171875"
"1","10","10","D4","C5","C5","17.21685791015625"
"1","3","3","C4","Eb4","Eb4","3.16717529296875"
"1","3","3","E5","Db5","Db5","10.08349609375"
"0","2","1","Ab3","Gb3","G3","1.83294677734375"
"0","7","6","F4","Bb3","B3","2.932373046875"
"0","10","8","D3","C4","Bb3","17.54864501953125"
"0","6","-1","Ab3","D4","0","30"
"0","2","-1","Ab3","Bb3","0","30"
"1","7","7","Bb3","Eb3","Eb3","19.0989990234375"
"0","8","9","Ab3","E4","B2","9.7330322265625"
"0","11","-1","A2","Ab3","C5","25.6656494140625"
"0","9","-1","B5","D5","C4","22.683349609375"
"1","4","4","C6","Ab5","Ab5","7.9161376953125"
"0","7","-1","Bb3","F4","Bb5","11.116455078125"
"0","4","3","A5","F5","Gb5","3.4840087890625"
"1","2","2","Bb3","Ab3","Ab3","18.250244140625"
"1","11","11","Bb4","A5","A5","14.3338623046875"
"1","8","8","Bb2","Gb3","Gb3","12.46728515625"
"1","4","4","Ab5","C6","C6","5.69970703125"
"0","9","10","B4","D4","Db4","14.816162109375"
"0","3","9","F3","D3","0","30"
"1","6","6","Db5","G4","G4","18.7156982421875"
"0","8","5","C5","E4","G4","12.8162841796875"
"0","4","1","Db4","A3","C4","0.083251953125"
"0","11","8","Bb4","B3","D4","2.6324462890625"
"0","9","-1","A4","Gb5","A4","3.716796875"
"0","9","-1","D4","B4","0","30"
"1","8","8","Eb4","G3","G3","24.5833740234375"
"0","4","-1","Bb5","Gb5","G3","27.515625"
"0","2","1","Db3","B2","C3","2.300537109375"
"0","4","-1","Gb4","D4","0","30"
"0","3","4","C3","A2","0","30"
"0","11","-1","C4","B4","Db5","4.5167236328125"
"0","6","-1","C3","Gb3","C5","7.6663818359375"
"1","11","11","Gb3","F4","F4","18.2989501953125"
"1","6","6","Db3","G3","G3","12.9158935546875"
"0","4","-1","E4","C4","0","30"
"1","10","10","D5","C6","C6","6.79931640625"
"1","6","6","E5","Bb5","Bb5","15.5821533203125"
"0","5","-1","Gb5","Db5","0","30"
"0","10","11","C4","Bb4","B4","4.515625"
"0","10","6","C6","D5","Gb5","16.0654296875"
"1","7","7","B5","E5","E5","5.79931640625"
"1","1","1","Bb3","A3","A3","4.017578125"
"0","3","4","Ab3","F3","E3","6.783935546875"
"0","10","7","Eb3","Db4","0","30"
"1","11","11","E5","F4","F4","2.900146484375"
"1","4","4","E3","C3","C3","2.500732421875"
"0","10","11","Bb3","C3","B2","1.817138671875"
"0","11","10","Db5","C6","B5","5.33349609375"
"0","1","2","Ab3","A3","Gb3","5.14990234375"
"0","8","-1","Ab5","C5","F3","8.048828125"
"0","11","10","E5","F4","Gb4","2.500732421875"
"0","4","-1","B3","G3","B3","2.199462890625"
"0","4","10","C3","E3","Bb3","2.016845703125"
"1","2","2","Gb3","E3","E3","6.016357421875"
"0","4","2","D3","Bb2","C3","11.68212890625"
"0","11","-1","G5","Ab4","0","30"
"0","2","-1","F5","Eb5","0","30"
"1","5","5","D5","G5","G5","10.915771484375"
"1","5","5","C6","G5","G5","10.63330078125"
"1","6","6","A4","Eb5","Eb5","7.366455078125"
"1","1","1","Ab3","A3","A3","2.68359375"
"1","2","2","Bb5","C6","C6","2.0498046875"
"0","3","-1","Gb4","Eb4","0","30"
"1","7","7","Db3","Ab3","Ab3","13.499755859375"
"0","8","-1","A5","Db5","0","30"
"0","2","-1","Bb5","Ab5","0","30"
"0","2","-1","B3","A3","0","30"
"0","1","-1","B5","Bb5","0","30"
"0","9","-1","C4","A4","0","30"
"0","9","-1","Db4","E3","0","30"
"0","7","11","G3","C3","0","30"
"0","4","4","C3","E3","0","30"
"1","2","2","F4","Eb4","Eb4","4.8662109375"
"0","10","-1","A5","B4","Ab4","10.517333984375"
"0","10","6","D3","C4","0","30"
"0","11","-1","C6","Db5","0","30"
"0","9","3","C4","Eb3","A3","6.016357421875"
"0","1","-1","Ab3","G3","Ab3","3.466339111328125"
"0","1","-1","G4","Gb4","G4","14.04951095581055"
"1","2","2","C5","D5","D5","2.767387390136719"
"0","2","1","D4","C4","Eb4","1.467185974121094"
"0","1","2","C5","Db5","D5","10.83330535888672"
"0","2","1","Db4","B3","C4","4.816497802734375"
"0","2","9","Bb4","Ab4","Db4","7.516708374023438"
"0","2","2","Eb5","Db5","F5","2.300743103027344"
"0","1","2","Db3","C3","B2","8.616424560546875"
"0","1","2","Ab3","A3","Bb3","2.649444580078125"
"0","2","1","D3","C3","Db3","11.98282623291016"
"1","1","1","Db3","C3","C3","2.313278198242188"
"1","1","1","Eb5","E5","E5","10.477294921875"
"1","2","2","Db4","Eb4","Eb4","1.749313354492188"
"1","2","2","Eb5","F5","F5","3.0660400390625"
"1","1","1","C6","B5","B5","1.299652099609375"
"0","1","2","E3","Eb3","D3","1.15069580078125"
"0","1","2","A2","Bb2","B2","1.899185180664062"
"0","2","1","D4","C4","Eb4","2.599990844726563"
"0","2","1","Gb3","Ab3","G3","1.650115966796875"
"0","2","1","D5","C5","Db5","6.925949096679688"
"0","1","1","B5","Bb5","C6","3.117050170898438"
"1","1","1","B3","Bb3","Bb3","2.59991455078125"
"1","1","1","Gb3","F3","F3","1.400863647460938"
"0","1","2","A2","Bb2","B2","1.661956787109375"
"0","1","2","C3","Db3","D3","5.666397094726563"
"0","1","1","Gb5","F5","G5","2.049087524414063"
"1","2","2","B4","Db5","Db5","5.166290283203125"
"1","2","2","B2","A2","A2","1.466964721679688"
"0","2","1","E4","Gb4","F4","13.15003967285156"
"1","2","2","E3","D3","D3","2.317138671875"
"0","1","1","Gb4","G4","F4","4.66632080078125"
"0","2","1","Bb3","Ab3","B3","1.949798583984375"
"0","2","2","D5","C5","E5","1.649505615234375"
"0","2","1","C5","Bb4","B4","1.2069091796875"
"0","1","1","C3","Db3","B2","5.666748046875"
"1","2","2","Bb5","C6","C6","2.04931640625"
"1","1","1","Gb5","G5","G5","2.6002197265625"
"1","1","1","D5","Eb5","Eb5","2.799713134765625"
"1","1","1","Bb5","B5","B5","2.200103759765625"
"0","1","1","A4","Bb4","Ab4","2.4501953125"
"0","1","1","C4","Db4","B3","5.015777587890625"
"0","1","2","Db4","D4","Eb4","1.70550537109375"
"1","1","1","A3","Bb3","Bb3","1.96673583984375"
"0","2","1","Eb4","Db4","D4","1.266876220703125"
"1","1","1","Bb3","B3","B3","1.45037841796875"
"1","2","2","Db3","Eb3","Eb3","2.665771484375"
"1","1","1","A5","Ab5","Ab5","1.400115966796875"
"0","1","2","C6","B5","Bb5","1.199981689453125"
"0","2","1","F4","Eb4","Gb4","1.150360107421875"
"1","1","1","Bb2","B2","B2","1.561279296875"
"1","1","1","A2","Bb2","Bb2","1.417236328125"
"0","1","2","Bb2","B2","C3","2.2164306640625"
"0","2","2","F5","G5","Eb5","2.867462158203125"
"0","2","1","B3","A3","Bb3","1.42669677734375"
"0","2","1","Eb4","F4","E4","1.350189208984375"
"0","1","2","E4","F4","Gb4","1.2994384765625"
"1","1","1","A4","Ab4","Ab4","1.25030517578125"
"0","2","1","Ab4","Gb4","A4","1.55047607421875"
"0","1","2","C4","Db4","D4","1.50274658203125"
"1","1","1","Eb4","D4","D4","1.016845703125"
"1","1","1","E3","F3","F3","1.400054931640625"
"0","1","2","E4","F4","Gb4","2.566314697265625"
"1","2","2","A4","B4","B4","1.450103759765625"
"0","1","2","Ab3","G3","Gb3","2.0496826171875"
"1","1","1","Ab4","G4","G4","1.599853515625"
"1","1","1","G3","Ab3","Ab3","1.449615478515625"
"1","2","2","B5","A5","A5","1.9002685546875"
"1","2","2","A3","B3","B3","1.314666748046875"
"0","2","1","F4","G4","Gb4","1.46673583984375"
"1","1","1","Ab5","A5","A5","1.866485595703125"
"0","2","1","Ab3","Gb3","G3","1.5498046875"
"1","1","1","E3","F3","F3","1.499847412109375"
"1","1","1","Gb5","F5","F5","2.299346923828125"
"0","2","1","G3","F3","Gb3","1.300262451171875"
"0","1","2","G3","Ab3","A3","2.64984130859375"
"1","1","1","B2","C3","C3","1.75018310546875"
"0","2","1","Ab3","Gb3","G3","1.29931640625"
"1","2","2","B3","A3","A3","1.2139892578125"
"0","2","1","Db4","B3","C4","0.90093994140625"
"0","1","2","B5","C6","A5","3.51611328125"
"1","1","1","Gb4","F4","F4","1.31707763671875"
"1","1","1","C6","B5","B5","2.366455078125"
"1","1","1","Eb4","E4","E4","1.049560546875"
"1","2","2","B5","A5","A5","1.249267578125"
"0","2","1","B5","A5","Bb5","1.45037841796875"
"1","1","1","A4","Bb4","Bb4","1.0594482421875"
"1","1","1","A5","Ab5","Ab5","1.31719970703125"
"0","2","1","Bb5","Ab5","A5","1.099609375"
"0","2","1","Eb5","Db5","E5","0.849853515625"
"1","2","2","Ab5","Gb5","Gb5","1.7496337890625"
"0","2","1","A3","G3","Ab3","1.250244140625"
"1","1","1","C5","B4","B4","0.96661376953125"
"0","2","1","C4","Bb3","Db4","1.2501220703125"
"1","2","2","B2","A2","A2","1.30023193359375"
"1","1","1","F3","Gb3","Gb3","1.70001220703125"
"1","1","1","C5","B4","B4","0.85040283203125"
"0","1","1","Gb5","G5","F5","1.15789794921875"
"0","2","1","E4","Gb4","F4","0.79998779296875"
"0","2","1","A3","G3","Ab3","1.250244140625"
"0","2","1","Bb3","C4","B3","0.74981689453125"
"0","1","2","B2","Bb2","A2","1.0582275390625"
"0","2","1","Ab3","Bb3","A3","1.61749267578125"
"1","1","1","Gb4","G4","G4","1.56671142578125"
"1","1","1","Gb4","F4","F4","1.09954833984375"
"0","2","1","B4","A4","Bb4","1.14947509765625"
"1","1","1","C6","B5","B5","1.19964599609375"
"0","2","1","G5","F5","Ab5","1.14996337890625"
"1","1","1","D3","Eb3","Eb3","1.6666259765625"
"1","1","1","C5","B4","B4","1.4000244140625"
"1","1","1","G5","Ab5","Ab5","1.45001220703125"
"0","1","1","Db5","C5","D5","1.14984130859375"
"1","1","1","Bb4","B4","B4","0.90032958984375"
"0","2","1","D5","C5","Eb5","1.0670166015625"
"1","1","1","B3","C4","C4","3.7674560546875"
"0","2","1","B2","Db3","C3","1.21759033203125"
"0","2","1","A2","B2","Bb2","4.41729736328125"
"1","1","1","Bb2","A2","A2","1.000244140625"
"1","1","1","A2","Bb2","Bb2","1.06658935546875"
"1","1","1","Gb5","F5","F5","1.30023193359375"
"0","2","1","C6","Bb5","B5","0.8497314453125"
"0","2","1","F3","Eb3","E3","1.2000732421875"
"0","1","2","G5","Ab5","A5","1.81475830078125"
"0","2","1","Eb3","Db3","D3","0.9114990234375"
"0","2","1","B3","A3","C4","1.5169677734375"
"0","2","1","G3","A3","Ab3","1.34979248046875"
"0","1","1","Eb5","D5","E5","1.55010986328125"
"0","2","1","B3","Db4","C4","2.60003662109375"
"0","1","2","B5","C6","A5","4.41552734375"
"0","2","1","A4","B4","Bb4","3.816650390625"
"1","1","1","Ab5","A5","A5","5.5740966796875"
"0","2","1","G3","A3","Ab3","1.79998779296875"
"0","2","1","Bb2","C3","B2","3.51580810546875"
"1","1","1","Gb4","G4","G4","6.21636962890625"
"1","1","1","B4","Bb4","Bb4","1.25054931640625"
"0","2","1","Db5","B4","D5","0.75067138671875"
"0","1","2","B5","Bb5","A5","8.4791259765625"
"0","2","1","Gb4","Ab4","G4","1.66644287109375"
"1","1","1","A2","Bb2","Bb2","1.75225830078125"
"0","2","1","F5","Eb5","E5","2.81756591796875"
"0","1","2","F5","Gb5","G5","1.45556640625"
"0","2","1","Bb2","C3","B2","5.8162841796875"
"1","1","1","E5","Eb5","Eb5","1.7501220703125"
"1","2","2","F3","G3","G3","1.399658203125"
"1","1","1","B2","C3","C3","0.949462890625"
"1","1","1","Ab5","G5","G5","1.8665771484375"
"1","1","1","Ab5","G5","G5","2.1175537109375"
"0","2","1","D4","E4","Eb4","1.8173828125"
"1","1","1","B2","C3","C3","0.69964599609375"
"0","2","2","C3","Bb2","D3","2.816650390625"
"0","1","1","B2","C3","Bb2","2.166748046875"
"0","2","1","F3","Eb3","E3","0.699462890625"
"0","1","1","Gb4","F4","G4","1.05059814453125"
"1","1","1","B4","C5","C5","1.75323486328125"
"0","2","1","Bb2","C3","B2","2.3106689453125"
"0","2","1","Db3","Eb3","D3","1.8568115234375"
"1","2","2","D3","E3","E3","1.06683349609375"
"0","2","1","Gb5","Ab5","G5","2.0665283203125"
"1","1","1","Eb4","D4","D4","1.34954833984375"
"0","1","2","B2","C3","Db3","1.5491943359375"
"1","2","2","A4","B4","B4","2.1492919921875"
"1","2","2","A4","B4","B4","1.1998291015625"
"0","2","1","Gb5","Ab5","G5","1.10003662109375"
"0","1","1","Ab3","G3","A3","1.1671142578125"
"0","1","3","Eb4","E4","C4","1.199951171875"
"0","2","2","C5","Bb4","D5","8.7833251953125"
"1","1","1","E5","F5","F5","1.4005126953125"
"1","2","2","D3","C3","C3","1.499755859375"
"1","1","1","E4","F4","F4","1.19976806640625"
"1","1","1","F3","E3","E3","1.55035400390625"
"0","1","2","B4","C5","A4","3.957763671875"
"0","2","1","Gb3","Ab3","G3","0.90032958984375"
"0","2","1","A2","B2","Bb2","0.8502197265625"
"1","2","2","Db4","B3","B3","1.2666015625"
"0","1","1","A2","Bb2","0","30"
"1","2","2","C4","D4","D4","1.2996826171875"
"1","1","1","Db5","C5","C5","2.96630859375"
"1","1","1","B3","C4","C4","1.9002685546875"
"0","1","1","Bb5","B5","A5","26.632568359375"
"0","2","1","A2","B2","Bb2","1.61669921875"
"1","2","2","E4","D4","D4","2.3167724609375"
"0","2","1","A5","G5","Ab5","2.2174072265625"
"0","2","1","Db4","Eb4","D4","11.63330078125"
"1","1","1","F4","E4","E4","1.7493896484375"
"0","1","2","D5","Eb5","C5","4.86669921875"
"0","2","-1","F4","Eb4","0","30"
"0","1","1","C4","Db4","B3","3.0260009765625"
"0","2","-1","Bb3","Ab3","0","30"
"0","1","2","G5","Gb5","A5","3.1666259765625"
"0","1","1","Ab5","G5","A5","8.9168701171875"
"0","2","1","Gb3","Ab3","G3","1.050048828125"
"0","2","1","C4","Bb3","B3","1.16650390625"
"0","2","1","Gb4","Ab4","G4","26.832275390625"
"0","1","-1","G4","Ab4","0","30"
"0","2","9","F3","Eb3","0","30"
"1","2","2","C5","D5","D5","9.533203125"
"0","1","1","F4","E4","Gb4","19.46484375"
"0","2","-1","Eb4","Db4","0","30"
"0","2","1","B4","Db5","C5","1.461181640625"
"0","2","1","F5","Eb5","E5","8.68310546875"
"0","1","4","C3","Db3","0","30"
"1","2","2","A2","B2","B2","18.3587646484375"
"1","1","1","Bb3","A3","A3","1.4166259765625"
"1","2","2","A5","G5","G5","2.21728515625"
"1","2","2","F3","G3","G3","12.900146484375"
"0","2","1","Gb3","Ab3","G3","1.25"
"0","2","1","F3","G3","Gb3","2.1494140625"
"1","1","1","C5","B4","B4","1.94970703125"
"0","1","2","G4","Gb4","F4","1.4493408203125"
"0","1","1","E3","Eb3","F3","3.29931640625"
"1","1","1","Eb5","D5","D5","1.900390625"
"0","1","2","C3","B2","D3","5.8668212890625"
"0","2","-1","Ab5","Gb5","0","30"
"0","2","3","B2","Db3","D3","22.2161865234375"
"0","2","2","Db3","B2","Eb3","12.4326171875"
"0","1","2","Db4","D4","B3","0.849853515625"
"1","2","2","D3","E3","E3","10.5208740234375"
"0","1","2","E5","F5","D5","2.099853515625"
"0","1","2","C3","B2","Bb2","15.849853515625"
"0","2","2","G5","A5","F5","7.0338134765625"
"0","2","1","Gb5","Ab5","G5","4.3660888671875"
"0","1","2","A4","Bb4","B4","4.9168701171875"
"0","2","1","D5","C5","Db5","0.7493896484375"
"0","1","2","A3","Bb3","B3","2.10009765625"
"0","3","2","Eb3","Gb3","F3","1.6007080078125"
"1","3","3","E3","G3","G3","1.3155517578125"
"1","2","2","B2","Db3","Db3","1.216796875"
"0","3","4","Db5","Bb4","A4","1.7005615234375"
"0","2","3","Bb2","C3","Db3","5.9664306640625"
"0","4","1","A5","F5","Ab5","2.75"
"0","1","2","F3","E3","Eb3","2.9501953125"
"0","1","4","Db5","C5","A4","9.41552734375"
"1","4","4","Bb2","D3","D3","1.533935546875"
"0","5","2","Gb5","Db5","E5","1.7705078125"
"0","7","6","Eb3","Bb3","A3","5.22021484375"
"1","3","3","Eb3","C3","C3","2.984111785888672"
"0","5","7","Ab4","Db5","Eb5","2.384208679199219"
"1","3","3","C6","A5","A5","2.800800323486328"
"1","4","4","C6","Ab5","Ab5","11.98305130004883"
"1","4","4","Gb3","D3","D3","15.54965972900391"
"1","5","5","Gb3","B3","B3","16.31645202636719"
"1","3","3","G5","Bb5","Bb5","4.200508117675781"
"1","5","5","B3","Gb3","Gb3","10.54902648925781"
"1","3","3","C4","A3","A3","3.233978271484375"
"0","7","5","F5","Bb4","C5","2.816825866699219"
"1","6","6","A3","Eb4","Eb4","2.934036254882813"
"1","3","3","G3","E3","E3","3.633468627929688"
"1","7","7","Db3","Ab3","Ab3","5.033477783203125"
"1","2","2","C6","Bb5","Bb5","6.016677856445312"
"1","4","4","B4","Eb5","Eb5","13.66578674316406"
"1","4","4","Gb5","Bb5","Bb5","4.199905395507812"
"1","4","4","A5","F5","F5","4.699966430664063"
"0","4","3","Eb5","G5","Gb5","4.215728759765625"
"0","7","-1","Bb2","F3","G5","6.766464233398438"
"1","7","7","Ab5","Db5","Db5","16.782958984375"
"1","2","2","C6","Bb5","Bb5","12.76559448242188"
"1","3","3","G5","E5","E5","5.615524291992188"
"1","7","7","F5","C6","C6","4.39984130859375"
"1","1","1","F4","E4","E4","11.84968566894531"
"1","7","7","Db3","Ab3","Ab3","13.4996337890625"
"1","4","4","Db4","F4","F4","10.44989013671875"
"1","3","3","B4","Ab4","Ab4","7.617462158203125"
"1","7","7","E4","A3","A3","7.4158935546875"
"1","7","7","E4","B4","B4","5.998870849609375"
"1","7","7","A5","D5","D5","7.9327392578125"
"1","5","5","B2","E3","E3","21.13211059570313"
"1","4","4","Bb4","Gb4","Gb4","8.91607666015625"
"0","1","1","C5","Db5","B4","20.432373046875"
"1","3","3","C6","A5","A5","5.04931640625"
"1","7","7","G3","C3","C3","18.99871826171875"
"1","3","3","A4","Gb4","Gb4","8.315948486328125"
"1","7","7","Db4","Ab4","Ab4","6.1331787109375"
"1","5","5","F5","Bb5","Bb5","6.166748046875"
"1","7","7","D5","G4","G4","18.41708374023438"
"1","2","2","G4","A4","A4","2.016204833984375"
"1","7","7","Eb3","Bb3","Bb3","2.517303466796875"
"1","7","7","D5","G4","G4","13.9837646484375"
"1","4","4","Eb4","B3","B3","8.35064697265625"
"1","5","5","Ab3","Eb3","Eb3","5.8321533203125"
"0","4","7","C6","Ab5","F5","12.26666259765625"
"1","4","4","Bb2","D3","D3","8.96649169921875"
"1","4","4","B2","Eb3","Eb3","4.26611328125"
"1","4","4","C5","E5","E5","1.6993408203125"
"1","5","5","Gb4","Db4","Db4","5.083251953125"
"0","8","7","G3","B2","C3","9.3837890625"
"1","11","11","B2","Bb3","Bb3","7.04962158203125"
"1","10","10","Db5","B5","B5","7.98382568359375"
"1","8","8","Db4","F3","F3","7.76690673828125"
"1","6","6","Bb3","E4","E4","4.983154296875"
"1","1","1","B5","Bb5","Bb5","15.54974365234375"
"0","11","10","B4","C4","Db4","16.249755859375"
"0","4","3","Bb3","Gb3","G3","5.73248291015625"
"1","3","3","Eb5","C5","C5","3.4659423828125"
"1","10","10","F4","Eb5","Eb5","4.8326416015625"
"1","3","3","E5","Db5","Db5","14.09991455078125"
"0","11","7","G4","Ab3","C4","23.89935302734375"
"1","9","9","Db4","Bb4","Bb4","21.25030517578125"
"1","11","11","Db3","C4","C4","4.449951171875"
"1","4","4","A5","F5","F5","20.33251953125"
"1","10","10","C6","D5","D5","5.78314208984375"
"1","5","5","A3","D4","D4","17.88250732421875"
"1","7","7","Eb4","Ab3","Ab3","11.749755859375"
"1","9","9","F4","D5","D5","11.41632080078125"
"1","6","6","A5","Eb5","Eb5","6.6165771484375"
"1","1","1","F5","E5","E5","4.61724853515625"
"1","10","10","A4","G5","G5","18.066162109375"
"1","11","11","F3","E4","E4","4.150634765625"
"1","4","4","Db3","F3","F3","3.683837890625"
"1","5","5","B4","Gb4","Gb4","6.8172607421875"
"1","11","11","F4","Gb3","Gb3","11.88397216796875"
"1","5","5","C4","G3","G3","6.2159423828125"
"1","4","4","Db4","A3","A3","9.765869140625"
"1","4","4","G3","Eb3","Eb3","18.80059814453125"
"1","2","2","Ab5","Bb5","Bb5","7.85009765625"
"1","9","9","Ab3","B2","B2","13.2503662109375"
"1","5","5","B4","E5","E5","5.4833984375"
"0","8","10","C6","E5","D5","12.098876953125"
"1","6","6","B3","F4","F4","9.1494140625"
"1","1","1","C5","Db5","Db5","4.7490234375"
"1","6","6","F5","B4","B4","13.717529296875"
"1","7","7","G4","D5","D5","3.6331787109375"
"1","1","1","G4","Ab4","Ab4","1.88330078125"
"0","9","7","B5","D5","E5","14.115966796875"
"1","11","11","Db3","C4","C4","25.5487060546875"
"1","6","6","F4","B4","B4","4.66650390625"
"0","1","1","Ab5","G5","A5","29.1995849609375"
"0","1","-1","Ab5","G5","0","30"
"0","11","-1","B5","C5","0","30"
"1","2","2","G5","A5","A5","28.515380859375"
"0","2","-1","G5","A5","0","30"
"1","10","10","G4","F5","F5","6.9498291015625"
"1","5","5","Gb5","Db5","Db5","15.9327392578125"
"1","1","1","B3","Bb3","Bb3","4.6663818359375"
"1","4","4","A4","F4","F4","3.350341796875"
"1","5","5","G3","C4","C4","7.283203125"
"1","5","5","C6","G5","G5","13.067138671875"
"1","3","3","D4","F4","F4","3"
"1","3","3","G5","E5","E5","4.066650390625"
"1","6","6","C4","Gb4","Gb4","27.2493896484375"
"0","1","-1","Gb5","G5","0","30"
"0","11","9","C3","B3","A3","19.7486572265625"
"1","2","2","G4","A4","A4","9.6002197265625"
"0","2","-1","Eb4","Db4","0","30"
"0","9","11","B2","Ab3","Bb3","12.6998291015625"
"0","6","5","F5","B5","Bb5","9.115478515625"
"1","4","4","Bb5","Gb5","Gb5","9.150146484375"
"1","3","3","A5","C6","C6","8.700439453125"
"1","10","10","Db5","B5","B5","4.582763671875"
"1","5","5","Eb5","Bb4","Bb4","10.533203125"
"1","7","7","B4","Gb5","Gb5","4.7332763671875"
"0","8","6","Bb3","Gb4","E4","25.9486083984375"
"0","9","11","Bb4","G5","A5","24.466796875"
"1","2","2","Eb3","F3","F3","2.5667724609375"
"1","10","10","A5","B4","B4","7.56591796875"
"0","11","9","Ab4","A3","B3","13.31640625"
"1","3","3","Ab4","F4","F4","3.4996337890625"
"0","8","-1","Gb5","Bb4","0","30"
"0","11","10","E3","Eb4","D4","29.066650390625"
"0","11","8","E3","Eb4","0","30"
"1","11","11","Eb5","E4","E4","14.6495361328125"
"1","9","9","E3","Db4","Db4","3.5838623046875"
"1","10","10","Eb3","Db4","Db4","1.7999267578125"
"1","5","5","G5","C6","C6","1.7508544921875"
"0","8","10","D3","Bb3","C4","3.7996826171875"
"1","2","2","Bb5","C6","C6","6.499267578125"
"0","8","-1","F5","A4","0","30"
"1","10","10","C6","D5","D5","8.3172607421875"
"1","2","2","A3","G3","G3","6.2171630859375"
"1","1","1","B3","Bb3","Bb3","4.8507080078125"
"1","4","4","Eb5","B4","B4","5.7838134765625"
"1","3","3","Eb5","Gb5","Gb5","7.033203125"
"1","8","8","F3","A2","A2","18.3497314453125"
"1","4","4","C6","Ab5","Ab5","5.9664306640625"
"1","5","5","F4","C4","C4","6.4669189453125"
"0","6","4","E3","Bb3","Ab3","2.567138671875"
"0","9","10","B2","Ab3","A3","5.0001220703125"
"1","10","10","F5","G4","G4","10.2164306640625"
"1","10","10","F4","Eb5","Eb5","2.8170166015625"
"1","11","11","F3","E4","E4","2.650634765625"
"1","11","11","C5","Db4","Db4","13.2337646484375"
"1","5","5","C6","G5","G5","3.86669921875"
"1","10","10","C5","D4","D4","10.265625"
"1","11","11","F5","Gb4","Gb4","8.317138671875"
"0","2","3","Db3","B2","Bb2","3.2001953125"
"1","7","7","F4","C5","C5","6.216796875"
"0","7","5","Gb5","B4","Db5","5.448974609375"
"1","3","3","Ab3","F3","F3","3.3994140625"
"0","11","-1","A5","Bb4","A4","22.932861328125"
"1","3","3","C6","A5","A5","2.66650390625"
"0","4","7","E4","C4","A3","4.61572265625"
"0","8","10","Ab4","E5","Gb5","22.7158203125"
"1","4","4","Db5","F5","F5","5.966552734375"
"1","4","4","Ab3","C4","C4","2.2509765625"
"0","5","6","E3","B2","Bb2","13.116455078125"
"1","7","7","A2","E3","E3","26.60009765625"
"0","1","3","C6","B5","A5","27.86572265625"
"0","1","-1","C6","B5","0","30"
"1","5","5","Db5","Gb5","Gb5","19.5498046875"
"1","3","3","E5","G5","G5","2.400634765625"
"0","7","5","D5","G4","A4","6.483642578125"
"1","5","5","F4","Bb4","Bb4","6.349609375"
"1","8","8","Bb3","Gb4","Gb4","23.649658203125"
"1","2","2","D3","C3","C3","17.566650390625"
"1","9","9","C6","Eb5","Eb5","19.733642578125"
"0","7","4","E3","A2","C3","27.066162109375"
"0","2","-1","Bb4","C5","0","30"
"0","9","10","F5","Ab4","G4","27.182861328125"
"0","3","-1","E4","G4","0","30"
"1","1","1","Db4","C4","C4","11.233154296875"
"1","2","2","Eb5","F5","F5","1.2001953125"
"1","5","5","C4","G3","G3","9.23291015625"
"1","1","1","Eb4","E4","E4","1.19921875"
"1","2","2","F5","Eb5","Eb5","3.033447265625"
"1","3","3","Bb2","Db3","Db3","2.53271484375"
"1","4","4","Bb3","Gb3","Gb3","3.566650390625"
"1","5","5","Db4","Ab3","Ab3","4.400390625"
"1","5","5","A2","D3","D3","3.399169921875"
"0","7","5","C4","F3","G3","4.199951171875"
"1","2","2","Ab5","Bb5","Bb5","1.182861328125"
"1","8","8","F5","A4","A4","23.515869140625"
"1","6","6","E3","Bb2","Bb2","7.48291015625"
"1","9","9","A3","C3","C3","8.232421875"
"1","10","10","Db3","B3","B3","5.91650390625"
"1","1","1","G4","Ab4","Ab4","1.533447265625"
"1","10","10","C4","D3","D3","6.983154296875"
"0","2","1","Bb4","Ab4","A4","1.649658203125"
"1","10","10","Ab3","Bb2","Bb2","5.533447265625"
"1","11","11","G5","Ab4","Ab4","21.883056640625"
"0","9","8","E5","G4","Ab4","6.400146484375"
"1","10","10","Db4","B4","B4","12.6494140625"
"1","8","8","Eb5","G4","G4","14.61572265625"
"1","5","5","Bb4","F4","F4","4.115966796875"
"1","7","7","F5","Bb4","Bb4","16.516357421875"
"1","11","11","Db4","C5","C5","2.982666015625"
"1","2","2","B2","A2","A2","15.366455078125"
"1","6","6","C4","Gb4","Gb4","2.083251953125"
"1","4","4","F5","A5","A5","1.099365234375"
"0","7","5","C6","F5","G5","6.54931640625"
"1","1","1","Ab3","A3","A3","1.899169921875"
"0","8","10","Db4","A4","B4","3.082275390625"
"1","11","11","Db5","C6","C6","15.93310546875"
"0","7","6","E3","B3","Bb3","2.9833984375"
"1","6","6","F3","B2","B2","9.7333984375"
"1","2","2","Bb5","C6","C6","2.382568359375"
"1","11","11","D5","Eb4","Eb4","7.69921875"
"1","4","4","E4","Ab4","Ab4","3.83251953125"
"1","5","5","Eb3","Ab3","Ab3","3.550048828125"
"0","11","-1","F3","E4","Bb4","5.866455078125"
"1","5","5","Bb4","F4","F4","6.63330078125"
"1","10","10","C4","D3","D3","7.3505859375"
"0","11","10","G4","Ab3","A3","5.200927734375"
"1","3","3","A4","C5","C5","1.66650390625"
"0","1","2","C3","B2","Bb2","1.582275390625"
"1","6","6","Ab4","D4","D4","2.94921875"
"1","3","3","B3","D4","D4","2.432373046875"
"1","2","2","A2","B2","B2","1.882568359375"
"1","5","5","Gb4","Db4","Db4","17.08203125"
"1","10","10","Bb4","Ab5","Ab5","3.099365234375"
"1","5","5","A4","D5","D5","5.3330078125"
"0","4","3","Ab3","E3","F3","2.833984375"
"1","8","8","E4","C5","C5","7.050537109375"
"1","2","2","Gb4","Ab4","Ab4","1.149658203125"
"0","7","6","Bb3","F4","E4","6.716064453125"
"1","9","9","Eb4","Gb3","Gb3","16.19970703125"
"1","8","8","F3","Db4","Db4","10.316162109375"
"1","9","9","Ab4","F5","F5","7.365966796875"
"1","5","5","E4","B3","B3","10.698974609375"
"1","3","3","G5","Bb5","Bb5","2.19970703125"
"1","4","4","G3","Eb3","Eb3","5.03369140625"
"1","4","4","Eb5","B4","B4","3.26708984375"
"1","6","6","Gb3","C4","C4","2.082763671875"
"1","11","11","C5","Db4","Db4","12.516357421875"
"1","9","9","A3","C3","C3","7.98291015625"
"1","7","7","D4","G3","G3","5.066162109375"
"1","8","8","D5","Gb4","Gb4","9.366943359375"
"1","4","4","E3","Ab3","Ab3","2.2509765625"
"1","3","3","D3","F3","F3","1.500732421875"
"1","4","4","A3","Db4","Db4","2.550537109375"
"1","4","4","C5","E5","E5","1.349853515625"
"1","3","3","Db3","Bb2","Bb2","3.333740234375"
"1","8","8","D5","Gb4","Gb4","7.400146484375"
"1","6","6","Db3","G3","G3","2.199951171875"
"1","5","5","Eb3","Bb2","Bb2","4.06640625"
"1","10","10","C6","D5","D5","5.93310546875"
"1","8","8","Eb5","G4","G4","10.400390625"
"1","11","11","C3","B3","B3","2.149169921875"
"1","9","9","B4","D4","D4","12.800048828125"
"0","8","10","Eb3","B3","Db4","3.766845703125"
"1","9","9","Bb3","G4","G4","7.598876953125"
"1","4","4","C3","E3","E3","1.783935546875"
"1","6","6","B4","F5","F5","2.13330078125"
"1","10","10","Db5","Eb4","Eb4","5.93408203125"
"1","2","2","Ab3","Bb3","Bb3","1.43408203125"
"1","11","11","D3","Db4","Db4","2.883544921875"
"1","4","4","Gb3","Bb3","Bb3","2.166748046875"
"1","1","1","Bb5","A5","A5","1.115966796875"
"1","9","9","C6","Eb5","Eb5","16.866943359375"
"1","2","2","A2","B2","B2","1.06689453125"
"1","9","9","F5","Ab4","Ab4","5.94970703125"
"1","8","8","D5","Gb4","Gb4","12.615478515625"
"1","3","3","Eb5","C5","C5","1.99951171875"
"1","5","5","E4","A4","A4","2.999267578125"
"1","9","9","B5","D5","D5","8.582763671875"
"1","5","5","Gb3","Db3","Db3","9.816650390625"
"1","7","7","F3","C4","C4","2.583984375"
"1","9","9","B5","D5","D5","6.649658203125"
"1","11","11","F4","E5","E5","1.800537109375"
"1","4","4","Ab3","E3","E3","3.5830078125"
"1","9","9","B3","D3","D3","8.71728515625"
"1","10","10","A3","G4","G4","4.048828125"
"1","3","3","F5","Ab5","Ab5","1.79931640625"
"0","11","8","B5","C5","Eb5","13.732666015625"
"0","7","5","Ab4","Db4","Eb4","5.665771484375"
"1","1","1","C6","B5","B5","2.817626953125"
"1","7","7","Bb5","Eb5","Eb5","6.050048828125"
"1","10","10","Bb2","Ab3","Ab3","4.900390625"
"0","8","6","Eb3","B3","A3","5.982177734375"
"1","1","1","E5","F5","F5","1.316162109375"
"1","3","3","Bb3","G3","G3","1.666748046875"
"1","3","3","A3","Gb3","Gb3","5.433349609375"
"1","1","1","D3","Eb3","Eb3","1.5673828125"
"1","3","3","C5","Eb5","Eb5","1.967529296875"
"1","10","10","F3","Eb4","Eb4","4.2001953125"
"1","2","2","G4","A4","A4","0.982421875"
"1","8","8","A4","F5","F5","5.849609375"
"0","11","6","Ab5","A4","D5","27.966552734375"
"0","11","-1","Ab5","A4","0","30"
"1","9","9","A2","Gb3","Gb3","8.982421875"
"1","3","3","A2","C3","C3","2.31689453125"
"1","4","4","F5","A5","A5","1.6328125"
"1","8","8","Db3","A3","A3","4.08251953125"
"1","1","1","Db3","D3","D3","1.18310546875"
"1","10","10","A5","B4","B4","9.682373046875"
"1","7","7","F4","C5","C5","4.283935546875"
"1","9","9","Bb2","G3","G3","9.649169921875"
"1","2","2","B5","A5","A5","11.400390625"
"1","11","11","G3","Gb4","Gb4","1.834228515625"
"1","1","1","G4","Gb4","Gb4","2.4951171875"
"1","8","8","Db4","A4","A4","4.00048828125"
"1","2","2","F4","G4","G4","1.349853515625"
"1","7","7","F4","C5","C5","6.5498046875"
"1","11","11","G3","Gb4","Gb4","1.8837890625"
"1","6","6","E4","Bb4","Bb4","2.5830078125"
"1","5","5","Gb5","B5","B5","10.833251953125"
"0","8","10","C6","E5","D5","5.8828125"
"0","4","3","Bb3","Gb3","G3","2.050537109375"
"1","11","11","B2","Bb3","Bb3","3.216064453125"
"1","9","9","A4","Gb5","Gb5","6.7333984375"
"1","1","1","F3","Gb3","Gb3","1.41650390625"
"1","8","8","A5","Db5","Db5","6.599609375"
"1","8","8","Eb4","G3","G3","4.5341796875"
"1","10","10","E5","Gb4","Gb4","4.7490234375"
"1","1","1","Gb5","F5","F5","2.866455078125"
"0","8","10","A4","Db4","B3","6.3671875"
"0","6","5","Bb2","E3","Eb3","5.3499755859375"
"1","2","2","F4","G4","G4","5.51708984375"
"1","2","2","Bb2","C3","C3","3.13397216796875"
"1","9","9","B4","Ab5","Ab5","6.599853515625"
"1","9","9","B3","D3","D3","27.91668701171875"
"0","9","-1","B3","D3","0","30"
"1","2","2","A2","B2","B2","1.81646728515625"
"1","7","7","B5","E5","E5","10.2664794921875"
"1","1","1","B4","Bb4","Bb4","1.33270263671875"
"1","5","5","E3","B2","B2","3.5989990234375"
"1","1","1","E4","F4","F4","1.233642578125"
"0","11","6","E3","Eb4","Bb3","3.93292236328125"
"1","4","4","C3","E3","E3","2.48394775390625"
"1","6","6","Ab3","D3","D3","3.15045166015625"
"1","2","2","Gb4","E4","E4","8.5673828125"
"1","7","7","F3","C4","C4","16.08343505859375"
"0","6","5","F4","B4","Bb4","3.967041015625"
"0","6","5","A4","Eb4","E4","6.3330078125"
"1","1","1","Bb3","A3","A3","1.49951171875"
"0","6","5","Eb5","A4","Bb4","4.83331298828125"
"0","10","11","A5","B4","Bb4","14.5672607421875"
"1","3","3","E4","G4","G4","3.73382568359375"
"1","2","2","F3","G3","G3","3.7493896484375"
"1","2","2","F5","G5","G5","1.61676025390625"
"1","9","9","A5","C5","C5","4.61676025390625"
"1","8","8","E3","C4","C4","7.634033203125"
"1","11","11","G5","Ab4","Ab4","7.2169189453125"
"1","2","2","G4","F4","F4","1.04962158203125"
"1","8","8","E4","Ab3","Ab3","5.5841064453125"
"1","10","10","A4","G5","G5","19.20062255859375"
"1","4","4","Db3","F3","F3","3.88275146484375"
"1","2","2","B4","A4","A4","10.61669921875"
"0","11","9","Ab3","A2","B2","3.36749267578125"
"1","7","7","Bb5","Eb5","Eb5","5.3167724609375"
"1","11","11","G4","Ab3","Ab3","8.33416748046875"
"1","5","5","Ab4","Db5","Db5","8.950439453125"
"1","5","5","E5","B4","B4","15.78387451171875"
"0","2","1","Eb5","Db5","D5","1.06640625"
"1","4","4","F4","A4","A4","3.61676025390625"
"0","8","8","A3","F4","Db3","3.08331298828125"
"1","3","3","A5","C6","C6","3.0823974609375"
"0","3","2","A5","Gb5","G5","2.26702880859375"
"1","6","6","A4","Eb5","Eb5","3.2843017578125"
"1","3","3","F4","Ab4","Ab4","3.5006103515625"
"0","6","4","D5","Ab4","Bb4","4.68359375"
"0","1","2","G5","Gb5","F5","1.2662353515625"
"0","11","10","C4","Db3","D3","11.3328857421875"
"0","11","5","B4","Bb5","E5","3.267333984375"
"0","9","7","Bb2","G3","F3","16.66650390625"
"0","9","7","G5","Bb4","C5","3.1005859375"
"1","4","4","D3","Bb2","Bb2","5.7998046875"
"1","3","3","Ab4","B4","B4","2.5328369140625"
"1","5","5","A5","E5","E5","5.0994873046875"
"1","10","10","Bb5","C5","C5","11.7784423828125"
"1","5","5","Gb4","B4","B4","21.4169921875"
"0","5","4","G4","D4","Eb4","4.5994873046875"
"1","2","2","Ab4","Gb4","Gb4","2.3328857421875"
"1","11","11","B2","Bb3","Bb3","4.5"
"0","7","-1","Bb3","Eb3","0","30"
"0","6","11","D4","Ab3","Eb3","6.083251953125"
"0","2","1","E5","D5","Eb5","4.6832275390625"
"0","6","7","C4","Gb4","G4","9.50048828125"
"0","4","5","Eb5","G5","Ab5","6.633056640625"
"0","4","6","D3","Gb3","Ab3","8.950439453125"
"0","11","10","E3","Eb4","D4","7.4674072265625"
"1","2","2","B5","A5","A5","3.9840087890625"
"0","6","4","Eb3","A2","B2","10.333251953125"
"0","10","7","C6","D5","F5","2.3160400390625"
"1","9","9","B5","D5","D5","16.0833740234375"
"1","1","1","A2","Bb2","Bb2","3.2509765625"
"0","1","6","B3","Bb3","F3","4.266845703125"
"1","5","5","A4","D5","D5","10.6165771484375"
"1","1","1","B5","C6","C6","8.000732421875"
"1","3","3","F4","Ab4","Ab4","4.333740234375"
"0","4","2","C6","Ab5","Bb5","4.282470703125"
"1","2","2","Gb4","E4","E4","2.73388671875"
"1","4","4","B3","Eb4","Eb4","4.1669921875"
"0","6","5","Bb3","E4","Eb4","4.7669677734375"
"1","1","1","Bb5","B5","B5","2.4324951171875"
"0","8","9","B4","G5","D4","11.4327392578125"
"1","9","9","Db5","Bb5","Bb5","8.799072265625"
"1","4","4","Db5","F5","F5","3.0992431640625"
"0","7","6","B2","Gb3","F3","3.165771484375"
"1","5","5","Db3","Gb3","Gb3","5.499755859375"
"1","3","3","C3","A2","A2","5.7666015625"
"1","11","11","A2","Ab3","Ab3","8.4674072265625"
"1","1","1","F3","E3","E3","3.7332763671875"
"1","3","3","F5","Ab5","Ab5","1.850341796875"
"1","3","3","D5","F5","F5","11.083984375"
"1","1","1","C6","B5","B5","1.2337646484375"
"1","7","7","D3","A3","A3","19.282958984375"
"0","4","3","Gb3","D3","Eb3","1.7991943359375"
"0","3","4","F3","D3","Db3","5.3834228515625"
"0","6","5","Ab3","D4","Db4","10.9161376953125"
"0","10","2","C5","D4","Bb4","4.100341796875"
"1","11","11","E3","Eb4","Eb4","6.2003173828125"
"1","5","5","Eb4","Ab4","Ab4","2.984130859375"
"0","7","6","A4","E5","Eb5","8.7838134765625"
"1","4","4","G4","B4","B4","1.9342041015625"
"1","3","3","Ab5","B5","B5","1.600830078125"
"0","6","5","G4","Db5","C5","4.0670166015625"
"0","6","7","D5","Ab4","G4","25.35009765625"
"1","10","10","Eb3","Db4","Db4","14.2491455078125"
"1","4","4","Ab5","E5","E5","12.4656982421875"
"0","9","8","Bb5","Db5","D5","7.4998779296875"
"0","5","4","Eb4","Ab4","G4","2.8006591796875"
"1","1","1","Bb5","A5","A5","1.2332763671875"
"0","6","5","F4","B3","C4","7.3675537109375"
"0","6","4","Db4","G3","A3","12.283935546875"
"0","6","4","Eb5","A5","G5","7.24951171875"
"0","6","5","B4","F5","E5","5.2335205078125"
"1","11","11","Eb3","D4","D4","13.849365234375"
"1","3","3","Db4","E4","E4","2.79931640625"
"1","1","1","C4","B3","B3","1.5335693359375"
"1","1","1","Eb3","D3","D3","2.483154296875"
"0","9","5","E5","G4","B4","23.73291015625"
"0","10","3","G5","A4","E5","21.5833740234375"
"0","3","2","Bb4","Db5","C5","2.28271484375"
"0","6","5","Gb4","C5","B4","4.449951171875"
"0","6","5","G5","Db5","D5","5.1168212890625"
"0","9","7","Bb4","G5","F5","21.86669921875"
"1","2","2","B3","Db4","Db4","1.4344482421875"
"0","6","5","Eb3","A2","Bb2","2.9337158203125"
"1","4","4","B3","G3","G3","3.4173583984375"
"1","5","5","G5","C6","C6","1.934326171875"
"0","8","7","C5","E4","F4","7.7677001953125"
"1","6","6","C5","Gb5","Gb5","4.7001953125"
"0","3","2","E4","Db4","D4","2.682373046875"
"1","7","7","Db5","Gb4","Gb4","9.9666748046875"
"1","11","11","A2","Ab3","Ab3","9.4329833984375"
"0","9","4","Gb4","A3","D4","29.1165771484375"
"0","9","-1","Gb4","A3","0","30"
"1","7","7","G3","D4","D4","11.1334228515625"
"0","10","9","F5","G4","Ab4","26.9500732421875"
"0","3","-1","E4","G4","0","30"
"1","1","1","D3","Eb3","Eb3","1.6492919921875"
"1","9","9","A4","C4","C4","5.59912109375"
"0","10","11","Bb2","Ab3","A3","3.933837890625"
"1","8","8","C6","E5","E5","4.449951171875"
"0","9","8","Bb2","G3","Gb3","7.28271484375"
"1","1","1","F4","Gb4","Gb4","1.449462890625"
"1","1","1","E5","Eb5","Eb5","1.282470703125"
"1","3","3","A5","Gb5","Gb5","5.483154296875"
"1","4","4","G4","B4","B4","1.616943359375"
"0","8","7","Eb4","B4","Bb4","17.949462890625"
"1","11","11","Eb3","D4","D4","2.116455078125"
"0","6","2","A3","Eb3","G3","1.6826171875"
"1","11","11","Bb3","A4","A4","1.949462890625"
"1","9","9","E3","Db4","Db4","12.283447265625"
"0","7","4","E3","A2","C3","2.6171875"
"1","5","5","Db4","Gb4","Gb4","11.616455078125"
"0","6","5","C6","Gb5","G5","5.032958984375"
"1","10","10","B3","A4","A4","8.09912109375"
"0","11","7","Ab5","A4","Db5","13.349365234375"
"1","2","2","F5","Eb5","Eb5","11.333251953125"
"1","1","1","D4","Eb4","Eb4","1.301025390625"
"1","11","11","F3","E4","E4","6.06640625"
"0","6","2","C6","Gb5","Bb5","4.216552734375"
"1","3","3","A5","Gb5","Gb5","7.267333984375"
"1","2","2","C5","Bb4","Bb4","8.51708984375"
"0","5","2","C6","G5","Bb5","1.91748046875"
"1","1","1","Db3","D3","D3","1.23291015625"
"1","1","1","C4","Db4","Db4","0.783203125"
"0","7","6","Bb4","F5","E5","1.899169921875"
"1","1","1","G5","Gb5","Gb5","1.333251953125"
"0","6","3","Gb3","C3","Eb3","1.7177734375"
"1","6","6","F5","B5","B5","1.151123046875"
"1","3","3","F3","Ab3","Ab3","1.666748046875"
"0","8","7","Gb4","Bb3","B3","5.134033203125"
"1","1","1","C4","Db4","Db4","1.683349609375"
"0","1","-1","B5","C6","B5","0.767333984375"
"0","2","3","D4","E4","F4","1.06640625"
"0","7","6","Gb4","Db5","C5","1.1162109375"
"0","5","2","Gb3","Db3","E3","1.099853515625"
"0","5","7","F5","Bb5","C6","1.666748046875"
"0","8","7","Db4","A4","Ab4","1.2509765625"
"1","3","3","F3","D3","D3","1.0498046875"
"0","11","10","D5","Eb4","E4","1.316650390625"
"0","3","2","B2","D3","Db3","1.23291015625"
"0","2","1","Bb2","C3","B2","0.68310546875"
"0","7","6","Db5","Gb4","G4","0.83447265625"
"0","6","11","Gb3","C4","F4","1.149658203125"
"0","11","6","Bb4","B3","E4","1.232666015625"
"0","6","7","E5","Bb5","B5","0.933349609375"
"1","2","2","Bb2","C3","C3","0.86767578125"
"0","4","2","Bb4","D5","C5","1.583251953125"
"0","8","7","G5","B4","C5","1.0498046875"
"0","6","7","F5","B5","C6","0.915771484375"
"0","11","1","D4","Db5","Eb4","0.750244140625"
"0","8","7","Eb4","B4","Bb4","1.217529296875"
"0","3","4","B5","Ab5","G5","1.599609375"
"0","4","7","G5","Eb5","C5","1.06640625"
"0","2","4","E3","D3","C3","0.93310546875"
"0","3","4","Gb3","Eb3","D3","1.4833984375"
"0","2","3","Gb4","Ab4","A4","0.93408203125"
"1","3","3","C5","Eb5","Eb5","1.233642578125"
"1","4","4","Ab5","E5","E5","1.0830078125"
"1","2","2","A5","G5","G5","1.16552734375"
"0","8","9","B4","G5","Ab5","1.60009765625"
"0","7","6","B2","Gb3","F3","1.316162109375"
"1","8","8","Gb3","D4","D4","1.567626953125"
"0","10","9","Gb3","E4","Eb4","1.41650390625"
"1","5","5","G5","D5","D5","0.949951171875"
"0","6","5","Gb4","C5","B4","1.3330078125"
"1","11","11","A2","Ab3","Ab3","3.59912109375"
"0","8","7","F4","A3","Bb3","2.666259765625"
"0","10","8","C4","D3","E3","1.799560546875"
"0","9","8","A2","Gb3","F3","21.317138671875"
"0","4","3","A2","Db3","C3","2.20068359375"
"0","3","4","A5","Gb5","F5","4.783447265625"
"0","7","4","Eb4","Ab3","B3","5.633056640625"
"0","5","3","Bb2","Eb3","Db3","1.784423828125"
"0","3","2","B2","D3","Db3","2.30078125"
"1","4","4","B4","Eb5","Eb5","4.33349609375"
"0","5","4","Ab5","Eb5","E5","4.549072265625"
"1","3","3","A3","C4","C4","2.166748046875"
"1","6","6","C5","Gb4","Gb4","5.44921875"
"1","7","7","Db3","Ab3","Ab3","2.81640625"
"0","5","6","Ab3","Eb3","D3","3.89892578125"
"1","5","5","A5","E5","E5","3.883544921875"
"0","9","10","Bb2","G3","Ab3","6.7998046875"
"1","8","8","C6","E5","E5","3.083984375"
"1","10","10","Gb5","Ab4","Ab4","9.567138671875"
"0","1","2","D3","Db3","C3","2.533935546875"
"1","11","11","E5","F4","F4","6.01708984375"
"1","5","5","Gb5","B5","B5","2.367431640625"
"1","9","9","D5","F4","F4","6.75"
"0","10","11","C3","Bb3","B3","4.116943359375"
"1","7","7","A2","E3","E3","6.566650390625"
"1","2","2","Gb4","Ab4","Ab4","4.999267578125"
"0","10","9","A5","B4","C5","7.93310546875"
"0","3","2","G5","E5","F5","3.26611328125"
"1","4","4","C3","E3","E3","1.98291015625"
"1","11","11","Gb4","G3","G3","4.983642578125"
"1","1","1","A5","Ab5","Ab5","3.18408203125"
"0","7","6","B4","Gb5","F5","2.250244140625"
"0","11","10","C6","Db5","D5","5.484130859375"
"0","7","5","G5","C5","D5","5.699951171875"
"0","3","2","Db3","E3","Eb3","4.799072265625"
"0","3","4","B3","Ab3","G3","4.33349609375"
"1","8","8","D5","Bb5","Bb5","4.283935546875"
"0","1","2","Bb3","A3","Ab3","1.999267578125"
"1","9","9","F4","D5","D5","2.56689453125"
"1","1","1","Ab3","A3","A3","4.11572265625"
"1","11","11","Ab5","A4","A4","15.850341796875"
"0","4","3","C5","Ab4","A4","2.40087890625"
"1","8","8","Bb4","D4","D4","3.31689453125"
"1","2","2","B4","A4","A4","2.9990234375"
"1","2","2","E5","Gb5","Gb5","7.28271484375"
"0","10","11","A2","G3","Ab3","9.916015625"
"1","1","1","Eb5","D5","D5","0.916259765625"
"1","9","9","C5","Eb4","Eb4","8.34912109375"
"1","5","5","G4","D4","D4","3.61767578125"
"0","6","5","E5","Bb5","A5","5.1669921875"
"1","7","7","C3","G3","G3","1.599365234375"
"1","11","11","C6","Db5","Db5","3.55029296875"
"0","6","4","Eb3","A3","G3","3.450927734375"
"1","6","6","Ab4","D5","D5","1.549560546875"
"0","7","5","F3","Bb2","C3","3.532958984375"
"0","2","3","A5","B5","C6","10.51708984375"
"1","5","5","Bb3","Eb4","Eb4","3.516845703125"
"1","5","5","Db4","Gb4","Gb4","3.68310546875"
"1","11","11","Bb3","A4","A4","1.716796875"
"1","11","11","G3","Gb4","Gb4","3.549560546875"
"0","6","5","Eb5","A4","Bb4","9.550048828125"
"1","1","1","F3","E3","E3","1.33447265625"
"1","10","10","E3","D4","D4","5.78369140625"
"0","6","4","Gb3","C4","Bb3","6.916259765625"
"1","4","4","Ab3","E3","E3","3.149169921875"
"0","7","5","Bb4","F5","Eb5","2.332275390625"
"1","2","2","Db5","Eb5","Eb5","1.34912109375"
"1","2","2","E3","D3","D3","1.549072265625"
"0","7","6","Eb4","Ab3","A3","9.03271484375"
"0","7","6","Ab5","Db5","D5","0.999267578125"
"0","8","9","Bb4","Gb5","G5","2.233154296875"
"1","5","5","A3","E3","E3","1.716552734375"
"0","4","5","Eb5","B4","Bb4","1.467529296875"
"1","11","11","Ab3","G4","G4","1.534423828125"
"0","8","9","Bb2","Gb3","G3","3.067138671875"
"1","8","8","Db3","A3","A3","1.783447265625"
"0","3","2","Bb2","Db3","C3","1.50048828125"
"1","10","10","D5","E4","E4","5.783203125"
"1","9","9","D5","B5","B5","4.38330078125"
"0","4","3","Bb2","D3","Db3","3.01708984375"
"1","11","11","F3","E4","E4","2.217529296875"
"0","6","4","E5","Bb4","C5","3.2333984375"
"1","4","4","A4","Db5","Db5","2.783447265625"
"1","1","1","A3","Bb3","Bb3","0.93408203125"
"0","10","6","Bb2","Ab3","E3","6.383056640625"
"1","7","7","F4","C5","C5","1.53271484375"
"0","5","6","A3","E3","Eb3","5.599853515625"
"1","7","7","Eb3","Bb3","Bb3","2.100830078125"
"1","7","7","C6","F5","F5","6.783935546875"
"0","8","7","C4","E3","F3","2.233154296875"
"0","6","4","E3","Bb2","C3","3.817138671875"
"1","6","6","Bb4","E4","E4","5.265869140625"
"0","2","1","Bb3","Ab3","A3","1.149658203125"
"0","8","6","Bb3","Gb4","E4","2.61572265625"
"1","11","11","Db4","C5","C5","8.43310546875"
"0","5","6","Bb3","Eb4","E4","9.699951171875"
"0","7","5","Eb3","Bb3","Ab3","1.500732421875"
"0","7","6","Gb3","B2","C3","19.60107421875"
"1","4","4","Gb4","Bb4","Bb4","4.633544921875"
"1","2","2","Ab3","Bb3","Bb3","1.766357421875"
"0","10","11","Bb2","Ab3","A3","3.1328125"
"1","2","2","Eb3","Db3","Db3","1.116455078125"
"1","4","4","Ab5","E5","E5","8.4990234375"
"1","6","6","Gb5","C5","C5","3.4990234375"
"1","4","4","D3","Bb2","Bb2","1.632568359375"
"0","6","3","Ab4","D4","F4","8.1494140625"
"0","4","7","B5","G5","E5","5.61669921875"
"1","1","1","Ab4","G4","G4","2.083984375"
"0","2","4","Db3","Eb3","F3","3.05029296875"
"0","10","11","Db3","B3","C4","4.49951171875"
"1","6","6","F3","B2","B2","8.765869140625"
"1","11","11","Bb5","B4","B4","3.517578125"
"1","4","4","C3","E3","E3","2.7509765625"
"0","6","5","Bb5","E5","F5","2.267578125"
"0","3","4","G5","Bb5","B5","1.401123046875"
"0","10","2","Db5","Eb4","B4","1.4169921875"
"0","2","1","C3","Bb2","B2","1.21630859375"
"0","10","11","B2","A3","Bb3","3.066650390625"
"1","5","5","C6","G5","G5","7.10009765625"
"0","8","9","D5","Gb4","F4","1.78271484375"
"1","9","9","Db3","Bb3","Bb3","6.5"
"0","1","-1","Db4","D4","0","30"
"1","2","2","Ab5","Gb5","Gb5","16.33262634277344"
"1","1","1","C6","B5","B5","3.266921997070313"
"1","2","2","Bb4","Ab4","Ab4","4.800628662109375"
"1","2","2","G5","F5","F5","3.699905395507813"
"1","2","2","B5","A5","A5","2.116592407226563"
"1","1","1","B5","Bb5","Bb5","1.816986083984375"
"1","1","1","B2","C3","C3","3.333419799804688"
"0","2","1","Bb2","C3","B2","3.8162841796875"
"1","2","2","A3","G3","G3","2.29931640625"
"1","2","2","B3","Db4","Db4","7.99981689453125"
"1","1","1","C4","Db4","Db4","3.483489990234375"
"0","2","1","Gb4","Ab4","G4","6.416290283203125"
"1","1","1","A2","Bb2","Bb2","5.6326904296875"
"1","1","1","A2","Bb2","Bb2","2.549972534179688"
"0","2","1","Ab5","Gb5","G5","3.383270263671875"
"1","2","2","B3","Db4","Db4","4.500137329101563"
"1","1","1","C3","Db3","Db3","3.03338623046875"
"1","2","2","Eb5","Db5","Db5","4.316513061523438"
"1","1","1","A2","Bb2","Bb2","8.265655517578125"
"1","2","2","E5","Gb5","Gb5","2.783416748046875"
"1","2","2","B4","A4","A4","3.13311767578125"
"1","2","2","D4","E4","E4","3.116790771484375"
"0","2","2","Db5","B4","Eb5","6.799591064453125"
"1","1","1","Bb2","A2","A2","4.066162109375"
"1","1","1","C3","B2","B2","2.216156005859375"
"1","2","2","Db5","B4","B4","6.816131591796875"
"1","2","2","D4","E4","E4","4.217010498046875"
"1","1","1","G3","Gb3","Gb3","2.8338623046875"
"1","2","2","Eb4","F4","F4","1.900482177734375"
"1","1","1","Gb4","F4","F4","1.833465576171875"
"1","2","2","Db3","B2","B2","1.56610107421875"
"1","2","2","Db4","Eb4","Eb4","2.116241455078125"
"1","1","1","C4","Db4","Db4","2.816741943359375"
"1","2","2","Eb4","F4","F4","2.849945068359375"
"1","2","2","Bb3","Ab3","Ab3","3.14996337890625"
"1","2","2","B3","Db4","Db4","4.65045166015625"
"1","1","1","E4","F4","F4","5.1168212890625"
"1","1","1","Gb5","G5","G5","3.8673095703125"
"0","2","1","F5","G5","Gb5","2.982452392578125"
"1","1","1","Eb5","E5","E5","4.000152587890625"
"1","1","1","E3","F3","F3","4.58428955078125"
"1","1","1","B2","C3","C3","3.666748046875"
"1","1","1","Eb3","D3","D3","1.51641845703125"
"1","1","1","Eb4","D4","D4","1.24951171875"
"1","2","2","F5","G5","G5","2.566436767578125"
"1","2","2","Gb3","Ab3","Ab3","3.300018310546875"
"1","1","1","A2","Bb2","Bb2","15.18276977539062"
"1","1","1","B4","C5","C5","2.3001708984375"
"1","1","1","F5","Gb5","Gb5","1.400115966796875"
"1","1","1","B2","Bb2","Bb2","1.2833251953125"
"1","1","1","E4","Eb4","Eb4","1.049835205078125"
"1","1","1","C5","Db5","Db5","1.766998291015625"
"1","1","1","A2","Bb2","Bb2","1.316162109375"
"1","2","2","A2","B2","B2","0.9495849609375"
"1","1","1","Gb3","F3","F3","1.332763671875"
"1","1","1","Eb5","D5","D5","1.967498779296875"
"1","1","1","F3","E3","E3","1.01708984375"
"1","2","2","B2","Db3","Db3","2.050537109375"
"1","2","2","B2","A2","A2","2.96649169921875"
"1","2","2","C3","D3","D3","1.88330078125"
"1","2","2","E5","D5","D5","1.23394775390625"
"1","2","2","Gb5","Ab5","Ab5","1.60003662109375"
"1","2","2","F5","Eb5","Eb5","1.64959716796875"
"1","2","2","C6","Bb5","Bb5","2.2169189453125"
"1","1","1","Bb2","B2","B2","1.38299560546875"
"1","2","2","Bb2","C3","C3","1.0172119140625"
"1","2","2","Eb4","F4","F4","1.58404541015625"
"1","2","2","E4","Gb4","Gb4","1.3172607421875"
"1","2","2","B4","A4","A4","1.5001220703125"
"1","2","2","D5","E5","E5","0.8836669921875"
"1","2","2","Eb5","Db5","Db5","2.4830322265625"
"1","1","1","A2","Bb2","Bb2","1.53253173828125"
"1","1","1","D4","Eb4","Eb4","2.41705322265625"
"1","1","1","A3","Ab3","Ab3","1.93255615234375"
"1","2","2","Bb3","C4","C4","1.89996337890625"
"0","2","1","Eb4","Db4","D4","6.38262939453125"
"1","3","3","G3","E3","E3","6.9664306640625"
"1","4","4","E5","C5","C5","3.35009765625"
"0","2","3","F3","G3","Ab3","3.5169677734375"
"0","4","3","Bb2","D3","Db3","10.83343505859375"
"1","3","3","E4","Db4","Db4","5.38311767578125"
"1","1","1","Ab5","A5","A5","2.94976806640625"
"0","3","2","Ab4","F4","Gb4","4.7498779296875"
"1","4","4","Db4","A3","A3","10.76666259765625"
"1","1","1","A5","Bb5","Bb5","2.76605224609375"
"1","4","4","Ab5","C6","C6","2.066650390625"
"1","3","3","B5","Ab5","Ab5","4.51617431640625"
"0","3","4","Ab3","F3","E3","7.8162841796875"
"1","2","2","Eb4","Db4","Db4","4.7164306640625"
"1","4","4","F3","A3","A3","3.06646728515625"
"1","3","3","B2","D3","D3","9.6331787109375"
"1","1","1","A2","Bb2","Bb2","1.43365478515625"
"1","2","2","G5","F5","F5","5.83282470703125"
"1","1","1","A5","Ab5","Ab5","1.4835205078125"
"0","4","5","Bb4","D5","Eb5","6.70013427734375"
"0","2","3","Ab3","Gb3","F3","18.11602783203125"
"0","2","3","Bb4","C5","Db5","8.45013427734375"
"1","1","1","E4","Eb4","Eb4","1.6494140625"
"0","4","2","Eb3","B2","Db3","3.39959716796875"
"1","4","4","Bb4","Gb4","Gb4","10.08306884765625"
"1","2","2","G4","F4","F4","6.61627197265625"
"1","1","1","B3","C4","C4","1.53338623046875"
"1","3","3","E4","G4","G4","2.9503173828125"
"1","2","2","Eb4","F4","F4","2.50067138671875"
"1","2","2","B3","Db4","Db4","3.967041015625"
"1","4","4","C4","E4","E4","1.43243408203125"
"1","3","3","Gb5","A5","A5","4.41668701171875"
"1","2","2","C5","D5","D5","5.28363037109375"
"0","4","2","Bb2","D3","C3","1.73419189453125"
"1","4","4","C3","E3","E3","3.21734619140625"
"1","3","3","Eb5","C5","C5","5.88330078125"
"1","1","1","A3","Ab3","Ab3","2.60003662109375"
"1","1","1","A4","Ab4","Ab4","1.18341064453125"
"1","3","3","Bb2","Db3","Db3","5.23309326171875"
"1","3","3","Db3","E3","E3","7.9656982421875"
"1","2","2","B2","Db3","Db3","1.96636962890625"
"1","3","3","A2","C3","C3","3.2000732421875"
"1","1","1","Eb3","E3","E3","2.316162109375"
"1","4","4","D5","Bb4","Bb4","8.300537109375"
"1","4","4","Eb3","B2","B2","4.9156494140625"
"1","3","3","Db4","Bb3","Bb3","7.04974365234375"
"1","2","2","G5","F5","F5","4.05047607421875"
"0","1","-1","A4","Ab4","E3","1080.473999023438"
"1","4","4","Gb4","Bb4","Bb4","6.81640625"
"0","6","-1","Ab3","D3","0","30"
"0","6","-1","B2","F3","C4","17.016357421875"
"0","1","-1","D5","Eb5","0","30"
"0","7","6","C6","F5","Gb5","17.4495849609375"
"1","3","3","E4","G4","G4","5.216552734375"
"0","6","4","C4","Gb3","Ab3","21.94970703125"
"0","2","6","Ab4","Gb4","D4","1.2835693359375"
"0","5","3","Gb3","B3","A3","12.716796875"
"1","3","3","F3","Ab3","Ab3","2.716796875"
"1","7","7","C3","G3","G3","3.73388671875"
"1","1","1","Bb3","A3","A3","5.166259765625"
"1","6","6","E5","Bb4","Bb4","11.3829345703125"
"1","5","5","Eb3","Ab3","Ab3","9.0992431640625"
"1","2","2","Db5","Eb5","Eb5","2.7659912109375"
"0","4","3","F3","Db3","D3","7.9163818359375"
"1","4","4","C6","Ab5","Ab5","7.3997802734375"
"1","7","7","E4","A3","A3","12.566162109375"
"1","1","1","B5","Bb5","Bb5","2.116943359375"
"1","5","5","F4","Bb4","Bb4","2.74951171875"
"0","4","3","Eb4","B3","C4","28.465576171875"
"0","4","-1","Eb4","B3","0","30"
"1","1","1","Eb4","D4","D4","1.98388671875"
"0","6","4","F3","B2","Db3","8.51708984375"
"0","6","4","A2","Eb3","Db3","24.55029296875"
"1","5","5","D4","G4","G4","8.050048828125"
"1","4","4","Bb5","Gb5","Gb5","5.965576171875"
"1","5","5","Db4","Ab3","Ab3","13.4324951171875"
"1","4","4","G3","Eb3","Eb3","5.7830810546875"
"1","4","4","B3","G3","G3","5.3665771484375"
"1","6","6","G4","Db4","Db4","17.0498046875"
"0","4","-1","E4","Ab4","0","30"
"1","2","2","Eb5","F5","F5","12.4833984375"
"1","6","6","Bb4","E4","E4","8.2996826171875"
"1","5","5","F4","C4","C4","4.9500732421875"
"1","6","6","F4","B4","B4","10.3333740234375"
"1","7","7","A3","E4","E4","8.6656494140625"
"1","2","2","A4","B4","B4","1.6007080078125"
"1","3","3","G4","E4","E4","3.6827392578125"
"1","1","1","B5","Bb5","Bb5","2.948974609375"
"0","6","1","C5","Gb5","Db5","2.7503662109375"
"1","3","3","E3","G3","G3","3.5166015625"
"1","1","1","D3","Db3","Db3","1.2996826171875"
"0","6","5","B3","F3","Gb3","9.533935546875"
"1","7","7","A2","E3","E3","14.8331298828125"
"1","5","5","A3","D4","D4","5.3839111328125"
"1","3","3","Eb4","Gb4","Gb4","3.9835205078125"
"1","1","1","Gb5","F5","F5","3.116943359375"
"1","4","4","D5","Bb4","Bb4","5.4658203125"
"1","7","7","G4","D5","D5","4.16650390625"
"1","5","5","Bb2","Eb3","Eb3","7.250244140625"
"0","6","4","Db4","G4","F4","5.39990234375"
"0","7","6","B2","Gb3","F3","12.8326416015625"
"1","2","2","A2","B2","B2","3.182861328125"
"1","7","7","Db3","Ab3","Ab3","4.134033203125"
"1","6","6","C5","Gb4","Gb4","8.6168212890625"
"1","2","2","Ab3","Gb3","Gb3","3.033203125"
"1","2","2","B2","Db3","Db3","1.8995361328125"
"1","7","7","Eb3","Bb3","Bb3","9.8663330078125"
"1","7","7","B5","E5","E5","14.4488525390625"
"1","7","7","Gb4","B3","B3","11.4166259765625"
"1","5","5","C6","G5","G5","10.3671875"
"1","1","1","C5","B4","B4","2.4173583984375"
"1","7","7","C3","G3","G3","3.150390625"
"0","1","2","Bb5","B5","C6","1.45068359375"
"1","7","7","D5","G4","G4","9.132568359375"
"1","7","7","Db3","Ab3","Ab3","3.349853515625"
"1","3","3","D3","F3","F3","3.4503173828125"
"1","6","6","C6","Gb5","Gb5","12.1995849609375"
"0","7","5","F4","C5","Bb4","5.6002197265625"
"1","2","2","A3","G3","G3","4.199462890625"
"1","3","3","Eb5","Gb5","Gb5","9.89990234375"
"1","4","4","C5","Ab4","Ab4","7.750732421875"
"1","3","3","G4","Bb4","Bb4","3.817138671875"
"1","4","4","Ab3","C4","C4","4.3828125"
"0","8","-1","A5","Db5","0","30"
"1","4","4","Ab4","E4","E4","13.7490234375"
"0","3","2","Gb5","Eb5","E5","2.916259765625"
"0","8","7","G3","B2","C3","26.44873046875"
"0","1","2","Ab3","A3","Bb3","11.05029296875"
"1","5","5","F3","C3","C3","2.849609375"
"1","5","5","B5","Gb5","Gb5","6.982666015625"
"1","3","3","B2","D3","D3","3.60009765625"
"1","3","3","C3","Eb3","Eb3","1.8828125"
"1","9","9","B4","D4","D4","13.749755859375"
"1","7","7","G3","D4","D4","5.732177734375"
"1","3","3","C3","A2","A2","4.98291015625"
"1","4","4","Eb3","G3","G3","12.74951171875"
"1","5","5","B2","E3","E3","4.866943359375"
"1","4","4","C5","Ab4","Ab4","5.300048828125"
"1","8","8","F4","Db5","Db5","22.649169921875"
"1","4","4","Bb4","Gb4","Gb4","3.93310546875"
"1","4","4","F4","Db4","Db4","10.199951171875"
"0","7","5","Ab3","Eb4","Db4","7.6171875"
"1","1","1","A4","Bb4","Bb4","6.3662109375"
"1","1","1","Bb3","B3","B3","3.099853515625"
"1","9","9","Ab3","B2","B2","16.033203125"
"1","6","6","G4","Db4","Db4","10.100341796875"
"1","3","3","Ab3","B3","B3","2.232421875"
"1","7","7","C5","F4","F4","10.69970703125"
"1","2","2","C4","D4","D4","1.717041015625"
"1","7","7","Bb4","Eb4","Eb4","10.3662109375"
"1","6","6","C3","Gb3","Gb3","5.516357421875"
"1","4","4","G4","Eb4","Eb4","8.0341796875"
"1","7","7","Gb5","B4","B4","6.25"
"1","2","2","B5","A5","A5","12.88317108154297"
"1","1","1","Ab3","G3","G3","5.248939514160156"
"1","1","1","Eb3","D3","D3","1.316169738769531"
"1","1","1","G3","Gb3","Gb3","2.599655151367188"
"0","1","2","G4","Ab4","A4","2.083160400390625"
"1","2","2","A5","G5","G5","1.483734130859375"
"0","2","1","C6","Bb5","B5","1.249053955078125"
"1","2","2","C5","D5","D5","1.09991455078125"
"1","1","1","Db5","D5","D5","1.7674560546875"
"1","2","2","C5","D5","D5","1.266616821289062"
"1","1","1","C3","Db3","Db3","1.182861328125"
"1","2","2","Eb5","Db5","Db5","1.582855224609375"
"0","2","1","E4","D4","Eb4","4.766983032226563"
"1","1","1","A3","Bb3","Bb3","3.75067138671875"
"1","2","2","G4","A4","A4","3.599624633789063"
"1","2","2","E3","Gb3","Gb3","1.549407958984375"
"1","1","1","C4","Db4","Db4","1.450042724609375"
"1","1","1","Eb5","D5","D5","5.266494750976563"
"1","1","1","C3","B2","B2","3.6341552734375"
"1","2","2","Bb3","Ab3","Ab3","3.0003662109375"
"1","1","1","C6","B5","B5","6.33319091796875"
"1","2","2","Gb5","E5","E5","4.1993408203125"
"1","1","1","F5","E5","E5","1.18414306640625"
"1","2","2","E3","D3","D3","7.733551025390625"
"1","1","1","Gb3","F3","F3","1.232833862304688"
"1","2","2","C3","D3","D3","1.200057983398438"
"1","1","1","G3","Ab3","Ab3","3.666290283203125"
"1","2","2","Eb3","Db3","Db3","1.3997802734375"
"1","1","1","C5","B4","B4","3.216522216796875"
"1","2","2","D4","E4","E4","1.1497802734375"
"1","2","2","B5","A5","A5","1.316497802734375"
"1","1","1","D4","Db4","Db4","1.24920654296875"
"1","2","2","C5","D5","D5","1.0164794921875"
"1","1","1","A4","Ab4","Ab4","1.59954833984375"
"1","2","2","C4","Bb3","Bb3","1.749786376953125"
"1","2","2","Db4","Eb4","Eb4","2.333587646484375"
"1","2","2","C5","Bb4","Bb4","1.36663818359375"
"1","2","2","Eb4","F4","F4","1.3831787109375"
"1","1","1","Db4","C4","C4","1.366058349609375"
"1","2","2","A2","B2","B2","0.850341796875"
"1","2","2","Ab3","Gb3","Gb3","0.917083740234375"
"1","2","2","G3","F3","F3","0.816009521484375"
"1","2","2","B3","Db4","Db4","0.915863037109375"
"1","1","1","G3","Gb3","Gb3","0.86724853515625"
"1","1","1","B5","Bb5","Bb5","1.33319091796875"
"1","2","2","Bb3","C4","C4","1.08294677734375"
"1","1","1","Bb2","B2","B2","0.816070556640625"
"1","1","1","D4","Db4","Db4","1.116668701171875"
"1","2","2","D5","C5","C5","0.950897216796875"
"1","2","2","D3","C3","C3","1.916412353515625"
"1","2","2","Bb3","C4","C4","1.38275146484375"
"1","2","2","G4","A4","A4","0.75018310546875"
"1","2","2","A5","G5","G5","1.0338134765625"
"1","2","2","G5","F5","F5","0.850128173828125"
"1","2","2","C6","Bb5","Bb5","1.349700927734375"
"1","1","1","D5","Db5","Db5","1.949951171875"
"1","1","1","B5","Bb5","Bb5","0.900543212890625"
"1","2","2","F4","Eb4","Eb4","1.26666259765625"
"1","2","2","F4","Eb4","Eb4","1.117340087890625"
"1","2","2","A4","G4","G4","0.76702880859375"
"0","1","2","A4","Bb4","B4","1.083160400390625"
"0","2","1","D4","E4","Eb4","2.6492919921875"
"1","2","2","Bb4","Ab4","Ab4","1.0498046875"
"1","1","1","B3","Bb3","Bb3","2.416412353515625"
"1","2","2","E4","Gb4","Gb4","1.432373046875"
"1","2","2","E3","Gb3","Gb3","1.0343017578125"
"1","2","2","Gb3","Ab3","Ab3","0.8504638671875"
"1","1","1","Bb5","B5","B5","1.499542236328125"
"1","2","2","B5","A5","A5","0.849334716796875"
"1","1","1","B4","C5","C5","1.367340087890625"
"1","2","2","D5","E5","E5","1.883270263671875"
"1","2","2","G5","A5","A5","1.13427734375"
"1","2","2","E4","Gb4","Gb4","1.099395751953125"
"1","1","1","D3","Eb3","Eb3","1.516265869140625"
"1","2","2","E4","Gb4","Gb4","1.966583251953125"
"1","1","1","Bb5","B5","B5","1.50030517578125"
"1","4","4","B3","G3","G3","2.43408203125"
"1","1","1","Gb5","F5","F5","2.083343505859375"
"1","1","1","C5","Db5","Db5","2.484130859375"
"1","2","2","Ab3","Bb3","Bb3","3.5003662109375"
"1","4","4","E5","Ab5","Ab5","3.48291015625"
"1","1","1","F3","Gb3","Gb3","2.1328125"
"0","4","2","Db4","A3","B3","1.8995361328125"
"1","4","4","Db3","F3","F3","5.34906005859375"
"1","3","3","Gb5","Eb5","Eb5","3.58349609375"
"1","4","4","B5","G5","G5","2.500732421875"
"1","2","2","Ab3","Bb3","Bb3","3.0157470703125"
"0","3","1","A2","C3","Bb2","8.6658935546875"
"1","1","1","Ab3","A3","A3","10.6324462890625"
"1","3","3","F3","D3","D3","1.5008544921875"
"1","3","3","F4","D4","D4","1.2332763671875"
"1","4","4","Eb5","G5","G5","5.0673828125"
"1","2","2","Db5","Eb5","Eb5","2.46685791015625"
"0","3","4","Bb5","G5","Gb5","1.650634765625"
"1","2","2","F5","G5","G5","2.89984130859375"
"1","2","2","B3","A3","A3","5.3494873046875"
"1","1","1","D4","Db4","Db4","5.6827392578125"
"0","4","3","D3","Bb2","B2","1.53338623046875"
"1","4","4","A5","F5","F5","3.66650390625"
"1","1","1","Db4","C4","C4","5.70074462890625"
"0","2","4","C6","Bb5","Ab5","2.58416748046875"
"0","3","4","Bb5","G5","Gb5","1.39971923828125"
"1","4","4","C4","E4","E4","1.6173095703125"
"1","3","3","G4","E4","E4","3.68402099609375"
"0","3","4","B2","D3","Eb3","2.31689453125"
"0","4","3","C6","Ab5","A5","1.30096435546875"
"1","1","1","B2","C3","C3","1.18316650390625"
"1","1","1","Db4","C4","C4","0.649658203125"
"0","4","3","B4","Eb5","D5","2.53277587890625"
"0","2","3","F5","Eb5","D5","1.19915771484375"
"1","4","4","E5","Ab5","Ab5","2.98236083984375"
"0","2","1","Ab3","Bb3","A3","2.46636962890625"
"0","4","3","Db3","F3","E3","2.94927978515625"
"0","4","3","F5","Db5","D5","1.2337646484375"
"1","4","4","Gb3","D3","D3","4.98223876953125"
"1","4","4","E5","Ab5","Ab5","3.11669921875"
"1","3","3","D4","F4","F4","2.46728515625"
"1","3","3","G5","E5","E5","2.9163818359375"
"0","2","1","G3","F3","Gb3","2.36993408203125"
"0","4","3","Eb3","B2","C3","1.76678466796875"
"1","1","1","B3","Bb3","Bb3","2.1341552734375"
"1","4","4","Gb5","D5","D5","4.2503662109375"
"1","3","3","B5","Ab5","Ab5","3.48236083984375"
"1","2","2","A5","B5","B5","2.48333740234375"
"1","2","2","Eb5","F5","F5","2.683837890625"
"1","2","2","Bb2","C3","C3","5.08404541015625"
"1","1","1","D4","Eb4","Eb4","2.29962158203125"
"1","4","4","E4","Ab4","Ab4","3.55010986328125"
"0","4","3","F4","Db4","D4","2.83270263671875"
"1","1","1","F5","Gb5","Gb5","1.3658447265625"
"1","1","1","Db4","D4","D4","1.06671142578125"
"1","2","2","C6","Bb5","Bb5","1.9835205078125"
"0","3","1","Eb5","Gb5","E5","1.1341552734375"
"1","4","4","G5","B5","B5","1.782958984375"
"1","4","4","Ab3","C4","C4","1.81634521484375"
"0","4","3","Ab4","E4","F4","1.18328857421875"
"1","2","2","A3","B3","B3","1.44976806640625"
"1","1","1","B4","C5","C5","1.04986572265625"
"1","2","2","Bb3","C4","C4","2.16729736328125"
"0","2","1","D4","C4","Db4","2.5499267578125"
"1","3","3","Ab4","F4","F4","1.3338623046875"
"0","3","4","A4","C5","Db5","3.23388671875"
"1","4","4","Gb4","Bb4","Bb4","0.93353271484375"
"1","1","1","E4","F4","F4","1.46612548828125"
"0","2","3","Ab4","Gb4","F4","1.7158203125"
"1","1","1","Eb4","E4","E4","1.06634521484375"
"1","1","1","Db5","C5","C5","1.09942626953125"
"1","1","1","Bb3","A3","A3","0.783447265625"
"1","3","3","D4","F4","F4","1.4163818359375"
"1","1","1","Bb2","A2","A2","0.9329833984375"
"1","4","4","A5","F5","F5","1.03363037109375"
"0","4","5","F3","A3","Bb3","1.26629638671875"
"1","1","1","B4","Bb4","Bb4","2.083740234375"
"1","4","4","A4","Db5","Db5","1.43341064453125"
"1","3","3","Ab5","B5","B5","3.067138671875"
"0","4","2","A2","Db3","B2","2.15008544921875"
"1","4","4","G3","B3","B3","1.41729736328125"
"0","4","3","D4","Gb4","F4","1.96649169921875"
"1","4","4","B3","G3","G3","1.66754150390625"
"0","4","3","Bb5","Gb5","G5","1.1834716796875"
"1","1","1","Db3","C3","C3","0.89959716796875"
"0","3","1","Gb4","Eb4","F4","0.88250732421875"
"0","4","3","G3","Eb3","E3","1.66668701171875"
"1","4","4","E4","Ab4","Ab4","1.4005126953125"
"0","3","4","Eb3","C3","B2","1.16619873046875"
"1","2","2","D3","E3","E3","1.38299560546875"
"1","3","3","Db3","E3","E3","1.31591796875"
"1","4","4","Db3","F3","F3","0.95013427734375"
"0","4","5","G5","Eb5","D5","1.3502197265625"
"1","3","3","A5","C6","C6","2.182861328125"
"1","1","1","F5","Gb5","Gb5","1.93310546875"
"0","3","5","G5","E5","D5","2.3006591796875"
"1","1","1","F4","Gb4","Gb4","1.30029296875"
"1","4","4","Gb4","D4","D4","1.799560546875"
"0","2","4","Db3","B2","A2","2.41650390625"
"0","7","6","Ab4","Db4","D4","4.532470703125"
"0","6","5","Eb3","A2","Bb2","5.216552734375"
"1","4","4","Bb3","D4","D4","4.332763671875"
"1","6","6","D5","Ab4","Ab4","4.9498291015625"
"1","7","7","G4","C4","C4","5.6666259765625"
"0","6","5","E5","Bb4","B4","5.2672119140625"
"0","2","1","G4","F4","Gb4","3.0494384765625"
"1","2","2","B2","A2","A2","1.0997314453125"
"1","1","1","B3","Bb3","Bb3","1.2835693359375"
"1","4","4","B5","G5","G5","1.43359375"
"1","4","4","E4","Ab4","Ab4","9.2833251953125"
"1","4","4","C6","Ab5","Ab5","1.15087890625"
"0","7","5","C5","F4","G4","1.8172607421875"
"0","1","2","D4","Eb4","E4","1.4830322265625"
"1","4","4","C4","E4","E4","4.016845703125"
"1","6","6","Bb5","E5","E5","3.0335693359375"
"0","4","3","C6","Ab5","A5","3.750244140625"
"0","3","4","Ab4","F4","E4","2.2161865234375"
"1","3","3","A5","C6","C6","1.8157958984375"
"1","4","4","C6","Ab5","Ab5","8.5660400390625"
"1","3","3","A3","Gb3","Gb3","3.2164306640625"
"1","1","1","A3","Bb3","Bb3","3.5006103515625"
"1","3","3","Eb5","Gb5","Gb5","9.0003662109375"
"0","3","4","B3","Ab3","G3","4.4337158203125"
"1","3","3","Ab3","F3","F3","9.0655517578125"
"1","7","7","A4","E5","E5","4.583984375"
"1","3","3","Db4","E4","E4","12.966552734375"
"1","4","4","Eb4","G4","G4","5.2000732421875"
"1","2","2","A3","B3","B3","6.0992431640625"
"1","5","5","Db3","Gb3","Gb3","4.5498046875"
"1","5","5","B2","E3","E3","8.6839599609375"
"0","6","5","Bb3","E4","Eb4","7.0489501953125"
"1","3","3","B2","D3","D3","4.050048828125"
"1","3","3","C6","A5","A5","6.5828857421875"
"1","6","6","Bb2","E3","E3","5.4327392578125"
"1","1","1","Eb5","D5","D5","2.6666259765625"
"1","4","4","A5","F5","F5","5.0657958984375"
"1","5","5","C6","G5","G5","1.5159912109375"
"1","7","7","D5","A5","A5","3.484130859375"
"1","4","4","Bb5","Gb5","Gb5","3.39990234375"
"1","2","2","Bb3","Ab3","Ab3","3.31640625"
"1","2","2","D4","C4","C4","2.466796875"
"1","1","1","B2","Bb2","Bb2","1.833251953125"
"1","1","1","Eb3","E3","E3","1.217529296875"
"0","7","6","Bb5","Eb5","E5","2.2506103515625"
"0","6","7","Db4","G4","Ab4","2.150634765625"
"0","5","4","G5","D5","Eb5","2.799560546875"
"0","1","2","A3","Bb3","B3","1.3009033203125"
"0","6","5","G5","Db5","D5","1.216064453125"
"0","5","7","B5","Gb5","E5","1.7335205078125"
"1","5","5","Bb4","Eb5","Eb5","6.350341796875"
"1","1","1","C6","B5","B5","1.715576171875"
"1","1","1","E4","Eb4","Eb4","1.9669189453125"
"1","3","3","D4","B3","B3","1.650390625"
"1","3","3","Ab3","B3","B3","2.250732421875"
"0","5","4","B2","E3","Eb3","3.1507568359375"
"1","1","1","F5","Gb5","Gb5","1.316650390625"
"0","7","5","Eb3","Bb3","Ab3","2.20068359375"
"0","4","5","Bb5","Gb5","F5","1.68408203125"
"0","5","4","C5","G4","Ab4","2.149658203125"
"1","6","6","F4","B3","B3","6.6160888671875"
"1","1","1","Bb4","B4","B4","1.7159423828125"
"1","4","4","Db4","A3","A3","3.2156982421875"
"1","4","4","Bb5","Gb5","Gb5","4.2001953125"
"0","6","5","Gb5","C5","Db5","1.9840087890625"
"1","6","6","A2","Eb3","Eb3","2.3172607421875"
"0","3","2","E3","G3","Gb3","1.6002197265625"
"0","4","5","A5","F5","E5","2.900390625"
"1","6","6","E3","Bb3","Bb3","2.916259765625"
"1","7","7","Ab5","Db5","Db5","3.583251953125"
"0","4","3","D4","Gb4","F4","1.8323974609375"
"1","4","4","Eb4","G4","G4","3.3330078125"
"0","3","2","C3","Eb3","D3","1.448974609375"
"0","6","5","Bb3","E4","Eb4","1.966796875"
"1","5","5","G3","C4","C4","3.1505126953125"
"1","7","7","Gb5","B4","B4","8.8492431640625"
"1","7","7","Db4","Gb3","Gb3","4.2327880859375"
"1","4","4","C4","E4","E4","1.5670166015625"
"0","7","6","B4","Gb5","F5","3.3004150390625"
"1","1","1","Ab4","A4","A4","1.5335693359375"
"0","5","4","Bb4","F4","Gb4","1.716064453125"
"0","6","4","B2","F3","Eb3","1.5333251953125"
"1","7","7","F5","C6","C6","1.816162109375"
"0","4","3","C3","E3","Eb3","1.6832275390625"
"1","1","1","Bb5","B5","B5","1.3499755859375"
"1","1","1","C3","B2","B2","2.166015625"
"1","4","4","Db4","F4","F4","2.05810546875"
"0","2","3","A4","B4","C5","2.9501953125"
"1","7","7","C4","G4","G4","2.200927734375"
"1","1","1","E3","Eb3","Eb3","1.2166748046875"
"1","2","2","A2","B2","B2","1.1331787109375"
"1","2","2","A3","B3","B3","1.166259765625"
"0","2","1","Gb3","E3","F3","1.0496826171875"
"1","1","1","C6","B5","B5","0.66650390625"
"0","5","4","B5","Gb5","G5","1.38427734375"
"1","6","6","Gb4","C5","C5","3.400634765625"
"1","7","7","B2","Gb3","Gb3","3.9169921875"
"1","5","5","Gb5","Db5","Db5","4.8341064453125"
"1","7","7","Eb3","Bb3","Bb3","3.30029296875"
"0","5","3","Gb3","B3","A3","9.400146484375"
"0","7","6","Gb4","Db5","C5","1.183349609375"
"1","2","2","C6","Bb5","Bb5","0.900146484375"
"1","3","3","E4","Db4","Db4","1.5"
"0","4","3","C4","Ab3","A3","1.9329833984375"
"1","6","6","B2","F3","F3","2.14990234375"
"1","4","4","Gb3","Bb3","Bb3","3.3665771484375"
"1","5","5","D4","G4","G4","2.616943359375"
"0","7","6","C5","F4","Gb4","1.9495849609375"
"0","7","6","Ab3","Db3","D3","2.6170654296875"
"1","2","2","Bb3","C4","C4","2.3837890625"
"1","1","1","Ab3","G3","G3","1.2672119140625"
"1","1","1","Eb5","D5","D5","1.400146484375"
"1","2","2","Eb4","F4","F4","1.2830810546875"
"0","2","1","D4","E4","Eb4","1.7327880859375"
"1","2","2","Bb5","C6","C6","1.1168212890625"
"1","6","6","B3","F4","F4","2.50048828125"
"1","6","6","Bb5","E5","E5","1.4510498046875"
"0","3","4","Bb4","G4","Gb4","1.10107421875"
"0","4","5","D5","Bb4","A4","7.1829833984375"
"0","4","7","E3","C3","A2","11.8155517578125"
"1","1","1","Bb5","B5","B5","1.7332763671875"
"0","3","1","Gb4","Eb4","F4","2.2161865234375"
"0","9","7","Ab4","B3","Db4","1.55078125"
"0","5","6","Gb5","B5","C6","1.1837158203125"
"1","2","2","F3","G3","G3","1.6668701171875"
"0","9","8","A2","Gb3","F3","1.94970703125"
"1","3","3","B2","D3","D3","5.8001708984375"
"0","4","7","A4","F4","D4","7.515625"
"0","4","7","A2","Db3","E3","5.583740234375"
"1","2","2","Ab5","Gb5","Gb5","5.0997314453125"
"0","8","7","G4","B3","C4","5.7164306640625"
"1","9","9","Bb5","Db5","Db5","3.2005615234375"
"1","2","2","C6","Bb5","Bb5","2.467529296875"
"1","5","5","B3","Gb3","Gb3","5.416748046875"
"1","3","3","Bb3","Db4","Db4","2.7496337890625"
"1","2","2","G5","F5","F5","2.51611328125"
"1","1","1","Gb4","G4","G4","2.28271484375"
"0","9","6","Bb4","Db4","E4","5.249267578125"
"0","9","8","B2","Ab3","G3","9.232421875"
"1","2","2","B3","Db4","Db4","2.2158203125"
"1","9","9","Gb4","A3","A3","3.783447265625"
"1","1","1","Bb5","A5","A5","2.599365234375"
"0","9","11","G4","Bb3","Ab3","5.133056640625"
"0","9","-1","Eb5","C6","Eb5","6.6328125"
"0","7","8","F4","Bb3","A3","4.633056640625"
"1","4","4","Gb4","D4","D4","2.54931640625"
"1","3","3","C4","Eb4","Eb4","2.61669921875"
"0","4","5","Db5","F5","Gb5","4.783203125"
"0","3","4","C6","A5","Ab5","8.533203125"
"1","2","2","C6","Bb5","Bb5","1.583740234375"
"0","9","6","Gb4","A3","C4","7.384033203125"
"1","2","2","Ab3","Gb3","Gb3","1.583984375"
"1","3","3","B3","D4","D4","3.366943359375"
"1","8","8","Gb5","Bb4","Bb4","5.433349609375"
"1","8","8","Bb2","Gb3","Gb3","4.699951171875"
"1","5","5","G4","C5","C5","5.883544921875"
"1","8","8","Eb3","B3","B3","6.06640625"
"1","6","6","Gb3","C4","C4","3.216796875"
"1","7","7","F3","Bb2","Bb2","4.100830078125"
"1","7","7","Gb5","B4","B4","7.10009765625"
"0","5","8","A3","E3","Db3","5.8505859375"
"1","3","3","C4","A3","A3","6.69970703125"
"1","6","6","Ab5","D5","D5","2.9326171875"
"1","3","3","C5","A4","A4","3.13330078125"
"1","4","4","A4","Db5","Db5","2.216552734375"
"1","6","6","Eb5","A4","A4","3.88232421875"
"1","7","7","C5","F4","F4","2.983154296875"
"1","8","8","C3","Ab3","Ab3","4.93408203125"
"0","3","5","B4","Ab4","Gb4","4.3828125"
"1","4","4","E4","C4","C4","2.416259765625"
"1","5","5","E4","A4","A4","2.550537109375"
"1","8","8","Db3","A3","A3","4.76708984375"
"1","6","6","F4","B4","B4","4.233154296875"
"1","5","5","Bb3","F3","F3","3.999267578125"
"1","7","7","Gb4","B3","B3","3.7333984375"
"1","2","2","A5","B5","B5","5.216552734375"
"1","7","7","C5","F4","F4","3.61669921875"
"1","8","8","E5","Ab4","Ab4","4.18359375"
"1","8","8","Ab4","E5","E5","1.384033203125"
"1","3","3","Gb4","Eb4","Eb4","4.150146484375"
"1","7","7","C3","G3","G3","3.7001953125"
"1","9","9","C6","Eb5","Eb5","5.316650390625"
"1","1","1","D3","Db3","Db3","2.333984375"
"1","1","1","Bb5","B5","B5","2.100830078125"
"1","4","4","G3","B3","B3","3.367431640625"
"1","8","8","A5","Db5","Db5","4.98291015625"
"1","6","6","A3","Eb4","Eb4","4.566650390625"
"1","7","7","Bb5","Eb5","Eb5","4.666748046875"
"1","3","3","Db5","E5","E5","6.633056640625"
"1","2","2","F3","G3","G3","2.416259765625"
"1","4","4","F5","A5","A5","2.98291015625"
"1","5","5","E3","A3","A3","5.8662109375"
"1","6","6","C6","Gb5","Gb5","5.1162109375"
"1","6","6","Eb5","A5","A5","7.01611328125"
"1","8","8","C3","Ab3","Ab3","5.483154296875"
"1","5","5","Ab5","Eb5","Eb5","5.999755859375"
"1","9","9","Bb5","Db5","Db5","8.683349609375"
"1","9","9","Bb4","Db4","Db4","3.634033203125"
"1","5","5","D4","A3","A3","2.650634765625"
"1","5","5","G4","C5","C5","6.050048828125"
"1","3","3","A3","Gb3","Gb3","5.883056640625"
"1","1","1","Eb3","E3","E3","2.049560546875"
"1","4","4","Ab5","E5","E5","2.6328125"
"1","7","7","C5","F4","F4","4.06689453125"
"1","4","4","Gb5","D5","D5","3.4833984375"
"1","5","5","Gb5","B5","B5","6"
"1","6","6","F4","B4","B4","3.833984375"
"1","8","8","Bb3","D3","D3","4.2001953125"
"1","4","4","D3","Bb2","Bb2","4.31640625"
"1","8","8","Gb3","Bb2","Bb2","4.8173828125"
"1","8","8","A4","Db4","Db4","3.866943359375"
